id,city,city_min_wage,building_area,land_area,bedroom,bathroom,kitchen,dining_room,living_room,storeroom,laundry,garage,carport,floor_count,cctv,ac,legality,negotiable,est_installment,price
16485968,tangerang,4681138,150,112,4,3,0,0,0,0,1,0,1,2.0,0,1,SHM,0,7089220,1100000000
16441561,jakarta selatan,5067381,200,452,5,3,0,0,0,0,0,0,0,2.0,0,0,SHM,0,54780337,8500000000
16441586,depok,4878612,200,375,3,2,0,0,0,0,0,0,0,2.0,0,0,SHM,0,48335591,7500000000
12020332,surabaya,4725479,400,428,3,3,0,0,0,0,0,1,1,2.0,0,0,SHM,1,93448810,14500000000
16477614,jakarta timur,5067381,115,65,3,2,1,0,0,0,1,1,1,2.0,1,1,SHM,1,6122508,950000000
16485951,surabaya,4725479,102,520,2,2,0,0,0,0,0,0,0,1.0,0,0,SHM,1,41890846,6500000000
16480722,jakarta selatan,5067381,397,460,6,4,0,0,0,0,0,2,1,2.0,0,1,HGB,1,79270370,12300000000
16485950,sidoarjo,4638582,64,90,2,1,1,0,0,0,0,1,0,1.0,0,1,SHM,1,7733694,1200000000
16485940,surabaya,4725479,250,180,4,5,1,0,0,0,0,0,0,2.0,0,1,SHM,1,41890846,6500000000
16485938,surabaya,4725479,185,180,2,2,0,0,0,0,0,0,2,1.0,0,0,SHM,1,27390168,4250000000
15905379,bandung,3868638,42,65,2,1,0,0,0,0,0,0,1,1.0,0,1,SHM,0,4092413,635000000
16485934,surabaya,4725479,300,462,7,4,1,0,0,0,0,2,1,1.0,0,0,SHM,1,54780337,8500000000
15674424,depok,4878612,230,180,5,5,0,0,0,0,1,0,2,2.0,0,0,SHM,1,20623185,3200000000
15083332,bandung,3868638,250,320,5,5,0,0,0,0,1,1,1,1.0,0,1,SHM,1,27067931,4200000000
16485931,surabaya,4725479,325,440,5,7,0,0,0,0,0,0,1,1.0,0,0,SHM,1,29001354,4500000000
15038269,bandung,3868638,130,156,6,2,0,0,0,0,1,0,2,2.0,0,0,SHM,1,9989355,1550000000
14970007,bandung,3868638,186,199,4,2,0,0,0,0,1,0,1,1.0,0,0,SHM,1,14171995,2200000000
16485928,surabaya,4725479,240,140,5,4,1,0,0,0,0,0,2,2.0,0,1,SHM,1,27712405,4300000000
16485924,jakarta selatan,5067381,275,295,5,4,0,0,0,0,0,1,2,2.0,0,0,SHM,1,37379524,5800000000
16244469,bandung,3868638,170,110,4,4,0,0,0,0,1,0,2,2.0,0,0,SHM,0,13533965,2100000000
14575559,bekasi,5281346,122,90,3,2,1,0,0,1,1,1,1,1.0,1,1,SHM,1,7475904,1160000000
16485925,surabaya,4725479,170,120,4,5,0,0,0,0,0,0,2,2.0,0,1,SHM,1,17078575,2650000000
16485917,sukoharjo,2215482,120,120,2,2,1,0,0,1,1,0,1,1.0,0,1,SHM,1,8700406,1350000000
16485919,jakarta pusat,5067381,160,160,5,3,0,0,0,0,1,0,0,2.0,0,0,SHM,1,34801625,5400000000
16485914,surabaya,4725479,191,180,5,4,0,0,0,0,0,0,0,2.0,0,0,SHM,1,22556609,3500000000
13703416,tangerang,4681138,130,126,4,3,0,0,0,0,1,0,1,2.0,0,1,SHM,1,15467389,2400000000
16485414,bandung,3868638,192,153,3,3,0,0,0,0,1,1,1,3.0,1,0,SHM,1,19334236,3000000000
16350932,bogor,4696764,207,167,4,3,0,0,0,0,1,0,2,2.0,1,1,SHM,1,12889491,2000000000
16485323,jakarta barat,5067381,320,300,4,3,0,0,0,0,0,0,0,1.0,0,0,SHM,0,61869557,9600000000
16364429,surabaya,4725479,70,60,3,2,1,0,0,0,0,0,1,2.0,0,0,SHM,1,2733132,735000000
16488318,bandung,3868638,100,124,4,2,1,0,0,0,0,0,2,1.0,0,0,SHM,0,6321530,7000000000
15731576,bekasi,5281346,120,220,3,2,0,0,0,0,1,0,1,2.0,0,0,SHM,0,9854150,65000000000
16485325,jakarta barat,5067381,104,119,4,2,0,0,0,0,0,0,1,2.0,0,0,SHM,1,11600541,1800000000
16485552,bandung,3868638,50,68,2,2,0,0,0,0,1,1,1,2.0,1,0,SHM,1,4150416,644000000
16485824,bandung,3868638,125,104,4,3,1,0,0,0,1,2,2,2.0,1,1,SHM,1,14436230,2240000000
15395601,jakarta selatan,5067381,200,120,5,5,0,0,0,0,0,1,2,2.0,0,0,SHM,1,13386770,6000000000
16326047,bekasi,5281346,113,114,5,4,0,0,0,0,1,0,2,2.0,0,0,SHM,1,6061232,63000000000
16485856,bandung,3868638,300,319,5,4,0,0,0,0,0,0,0,2.0,0,1,HGB,0,31579253,4900000000
15387645,jakarta selatan,5067381,289,207,7,6,1,0,0,0,1,2,2,3.0,0,1,SHM,1,58002709,9000000000
16357518,jakarta utara,5067381,140,120,3,3,0,0,0,0,0,0,2,2.0,0,1,Lainnya,1,32223727,5000000000
16485520,tangerang,4681138,171,120,6,4,0,0,0,0,1,1,2,2.0,0,0,SHM,1,12245016,1900000000
16245731,bandung,3868638,200,221,4,3,0,0,0,0,1,2,4,1.0,0,0,SHM,1,12825043,1990000000
16485735,tangerang,4681138,301,213,4,4,0,0,0,0,1,1,1,2.0,0,1,SHM,0,14178440,2200000000
16374121,bandung,3868638,245,186,5,4,0,0,0,0,1,1,2,2.0,1,0,SHM,1,5205966,4000000000
16485883,surabaya,4725479,135,66,3,2,0,0,0,0,0,0,0,2.0,0,1,SHM,1,10633830,1650000000
16485749,bandung,3868638,192,153,3,3,0,0,0,0,1,1,1,3.0,1,0,SHM,1,19334236,3000000000
16485538,tangerang,4681138,140,102,4,4,0,0,0,0,1,0,1,2.0,0,1,SHM,1,23201083,3600000000
16485372,tangerang selatan,4670791,128,108,6,3,0,0,0,0,1,0,2,3.0,0,0,SHM,1,16111863,2500000000
16245938,jakarta timur,5067381,80,60,3,2,1,0,0,0,1,0,2,2.0,1,1,SHM,1,5800270,900000000
16508402,tangerang,4681138,131,145,5,4,0,0,0,0,0,0,1,2.0,0,0,SHM,1,9296368,5000000000
15765879,badung,3318628,295,280,2,5,1,0,0,0,1,1,0,3.0,0,1,SHM,0,25286121,8000000000
15635453,jakarta selatan,5067381,225,540,3,2,0,0,1,0,0,0,0,1.0,0,0,SHM,1,30863942,3000000000
13652990,jakarta timur,5067381,69,235,3,2,0,0,0,0,1,0,1,2.0,0,1,SHM,1,10226005,75000000000
16485294,tangerang,4681138,75,90,2,2,0,0,0,0,1,0,2,2.0,0,0,Lainnya,1,9022643,1400000000
16087234,depok,4878612,180,216,4,3,0,0,0,0,1,1,1,1.0,1,1,SHM,1,16111863,2500000000
16141766,jakarta utara,5067381,337,240,5,4,0,0,0,0,1,1,1,3.0,0,1,SHM,0,25657976,9000000000
16510785,tangerang,4681138,42,72,4,2,0,0,0,0,0,0,1,1.0,0,0,SHM,1,4834111,3000000000
16177427,tangerang,4681138,144,120,2,2,1,0,1,0,0,0,0,1.0,1,1,Lainnya,1,11899351,2000000000
16485767,bandung,3868638,260,240,4,3,1,0,0,0,1,1,4,2.0,0,1,SHM,1,38990710,6050000000
16485602,bandung,3868638,208,145,5,4,0,0,0,0,1,0,2,2.0,0,0,SHM,1,27067931,4200000000
16485327,jakarta utara,5067381,400,187,5,4,0,0,0,0,1,1,1,3.0,0,0,Lainnya,1,50269015,7800000000
16485603,bandung,3868638,125,187,4,2,0,0,0,0,1,0,1,2.0,1,0,SHM,1,9667118,1500000000
14363309,tangerang,4681138,34,60,2,1,0,0,0,0,0,0,1,1.0,0,0,SHM,1,1896459,510000000
15350222,depok,4878612,36,66,2,1,0,0,0,0,1,0,1,1.0,1,1,SHM,1,2788910,750000000
15968615,tangerang,4681138,176,214,5,4,0,0,0,0,1,2,2,2.0,1,1,SHM,0,21939429,9000000000
16485860,bandung,3868638,386,416,4,4,0,0,0,0,0,0,0,2.0,0,0,SHM,1,30612541,4750000000
16485761,bandung,3868638,360,528,4,3,0,0,0,0,0,0,0,1.0,0,1,SHM,1,61225082,9500000000
14512263,tangerang selatan,4670791,450,285,6,4,0,0,0,0,1,2,2,2.0,1,1,SHM,1,39957422,6200000000
16084236,surabaya,4725479,180,135,4,5,0,0,0,0,0,0,0,2.0,0,0,Lainnya,0,8552659,3000000000
16485886,bekasi,5281346,100,156,2,1,0,0,0,0,1,0,0,1.0,0,0,SHM,1,9344881,1450000000
16485676,bekasi,5281346,152,140,5,3,0,0,0,0,0,0,2,2.0,0,0,SHM,1,13533965,2100000000
16485406,jakarta barat,5067381,315,158,4,3,0,0,0,0,0,0,2,3.0,0,0,SHM,1,27067931,4200000000
15804312,jakarta timur,5067381,45,60,2,1,0,0,0,0,1,1,1,1.0,1,1,SHM,1,3866847,600000000
16110753,bandung,3868638,100,96,2,2,1,0,0,0,0,0,1,1.0,0,0,SHM,1,4834111,3000000000
16349732,jakarta selatan,5067381,312,231,6,4,1,0,0,0,1,1,2,2.0,0,1,SHM,1,55778208,15000000000
15548280,semarang,2913128,60,120,3,2,0,0,0,0,0,0,1,1.0,0,0,SHM,0,1970830,530000000
16400756,jakarta selatan,5067381,400,160,6,5,1,0,0,0,0,0,2,2.0,0,0,SHM,0,33466925,9000000000
16485332,tangerang selatan,4670791,88,120,3,2,0,0,0,0,1,0,1,1.0,0,0,HGB,1,10956067,1700000000
16485318,tangerang selatan,4670791,150,212,5,4,0,0,0,0,1,0,2,2.0,0,1,SHM,0,29001354,4500000000
16455317,jakarta timur,5067381,249,132,6,3,0,0,0,0,1,1,0,2.0,0,0,SHM,1,16047416,2490000000
16004882,depok,4878612,195,152,4,4,0,0,0,0,1,0,1,2.0,1,1,SHM,1,21912134,3400000000
16197847,jakarta barat,5067381,350,150,6,3,0,0,0,0,0,0,2,3.0,0,0,SHM,1,16733462,5000000000
15658200,bekasi,5281346,500,416,6,6,0,0,0,0,1,0,4,2.0,0,1,SHM,0,35446100,5500000000
16485455,surabaya,4725479,180,204,5,4,0,0,0,0,0,0,0,1.0,0,0,SHM,0,12245016,1900000000
16485859,surabaya,4725479,200,150,6,3,0,0,0,0,1,1,1,2.0,0,1,SHM,1,9667118,1500000000
15541394,jakarta selatan,5067381,300,307,4,4,0,0,0,0,1,0,2,2.0,1,1,SHM,1,35446100,5500000000
16264744,jakarta selatan,5067381,270,127,6,6,1,0,0,1,1,2,1,3.0,1,1,SHM,1,15803826,25000000000
15536826,tangerang,4681138,89,77,3,3,0,0,0,0,0,0,0,2.0,0,0,Lainnya,0,7437094,2000000000
16485598,tangerang,4681138,60,40,2,1,1,0,0,0,0,1,0,1.0,1,0,SHM,1,4704664,730000000
14122823,jakarta barat,5067381,240,240,6,5,0,0,0,0,1,1,2,2.0,1,1,SHM,1,38023998,5900000000
16485450,jakarta barat,5067381,330,144,5,4,0,0,0,0,0,0,0,3.0,0,1,SHM,1,38668473,6000000000
16259319,jakarta timur,5067381,98,98,4,4,1,0,0,0,1,0,1,1.0,0,1,SHM,1,19978711,3100000000
16428489,bandung,3868638,387,250,5,5,0,0,0,1,0,1,2,2.0,0,0,SHM,1,48335591,7500000000
15320497,serang,4354748,400,275,6,4,0,0,0,0,0,0,0,2.0,0,1,SHM,1,13944552,75000000000
16100727,bekasi,5281346,83,70,3,2,0,0,0,0,0,2,2,2.0,1,1,SHM,1,3346692,900000000
16117113,tangerang selatan,4670791,130,120,5,4,1,0,0,0,1,0,2,2.0,1,1,SHM,1,12271206,3000000000
16485831,surabaya,4725479,80,119,2,1,0,0,0,0,0,0,1,1.0,0,0,SHM,1,9989355,1550000000
16485591,jakarta timur,5067381,155,125,4,4,0,0,0,0,1,0,1,2.0,1,1,SHM,1,25778982,4000000000
13023476,sukoharjo,2215482,180,105,3,2,1,0,0,0,1,0,2,2.0,1,1,SHM,1,6122508,950000000
14347537,jakarta selatan,5067381,100,103,4,3,0,0,0,0,1,0,1,2.0,0,0,SHM,1,10956067,1700000000
15624024,bekasi,5281346,98,91,2,2,0,0,0,0,0,0,0,1.0,0,0,Lainnya,1,7808949,1000000000
6490721,jakarta utara,5067381,140,80,4,3,0,0,0,0,0,1,0,2.0,0,0,SHM,1,7362723,98000000000
14602695,bandung,3868638,280,220,5,4,0,0,0,0,0,1,0,2.0,0,0,SHM,0,25456744,3950000000
16485502,subang,3294485,48,78,2,1,0,0,0,0,1,1,1,1.0,1,0,SHM,1,2900135,450000000
16485285,bogor,4696764,30,60,2,1,0,0,0,0,1,0,1,1.0,0,1,SHM,1,2964582,460000000
14836739,depok,4878612,130,130,4,4,1,0,0,0,0,1,1,1.0,0,0,SHM,1,4672440,725000000
15297471,tangerang,4681138,60,60,2,2,0,0,0,0,1,0,0,2.0,0,0,SHM,1,4201958,13000000000
16511083,tangerang,4681138,72,72,2,1,0,0,0,0,0,0,1,1.0,0,1,SHM,1,2602983,700000000
12900285,jakarta timur,5067381,168,220,5,4,0,0,0,0,0,0,0,1.0,0,0,HGB,1,17105317,6000000000
16477318,jakarta timur,5067381,320,161,4,3,1,0,0,1,1,1,2,3.0,0,1,SHM,1,31257015,4850000000
16441030,semarang,2913128,100,155,3,2,0,0,0,0,0,0,1,1.0,0,0,SHM,1,9667118,1500000000
15174199,jakarta barat,5067381,300,217,4,4,1,0,0,1,0,0,1,2.0,0,0,SHM,1,30934778,4800000000
16485378,tangerang,4681138,139,139,4,2,0,0,0,0,1,0,1,2.0,0,0,SHM,1,5542481,860000000
4388378,tangerang,4681138,120,90,4,3,0,0,0,0,0,0,0,2.0,0,0,SHM,1,14178440,2200000000
14926637,bandung,3868638,465,311,5,5,0,0,0,0,1,1,1,2.0,0,0,SHM,1,50269015,7800000000
16247313,jakarta timur,5067381,60,50,3,2,1,0,0,0,1,1,1,2.0,1,1,SHM,1,3866847,600000000
16485521,badung,3318628,135,104,2,2,0,0,0,0,0,1,0,1.0,0,0,SHM,1,12889491,2000000000
16485468,jakarta barat,5067381,160,200,3,3,0,0,0,0,0,1,1,3.0,0,0,SHM,1,21267660,3300000000
16485404,jakarta utara,5067381,260,187,5,4,0,0,0,0,1,1,2,2.0,1,0,SHM,1,47046642,7300000000
16485326,jakarta utara,5067381,80,80,3,3,0,0,0,0,1,0,2,2.0,0,0,Lainnya,1,19978711,3100000000
16486095,jakarta timur,5067381,90,65,3,1,0,0,0,0,0,0,0,1.5,0,0,SHM,1,6444745,1000000000
16318584,jakarta selatan,5067381,400,515,5,4,0,0,0,0,1,2,2,2.0,1,1,SHM,1,99893556,15500000000
16479811,bandung,3868638,300,242,2,1,0,0,0,0,1,0,3,2.0,0,0,SHM,0,11922779,1850000000
16210388,tangerang selatan,4670791,173,136,4,3,0,0,0,0,0,1,1,1.0,0,0,SHM,1,11713424,15000000000
16280775,bandung,3868638,150,180,4,3,0,0,0,0,0,0,0,1.0,0,0,SHM,0,7437094,2000000000
16485757,jakarta barat,5067381,150,135,4,3,0,0,0,0,0,0,0,2.0,0,1,SHM,1,18367524,2850000000
16005796,bandung,3868638,196,290,4,3,0,0,0,0,1,1,0,1.0,0,1,SHM,0,35446100,5500000000
16485561,bandung,3868638,150,95,3,2,1,0,0,1,1,0,1,2.0,0,0,SHM,0,8345945,1290000000
15067619,bandung,3868638,240,197,7,3,0,0,0,0,1,0,2,2.0,0,0,SHM,1,12889491,2000000000
16049883,jakarta timur,5067381,63,90,5,2,0,0,0,0,0,0,2,2.0,0,0,SHM,1,9924908,1540000000
13202132,jakarta selatan,5067381,80,407,5,2,0,0,0,0,1,0,0,1.0,0,0,SHM,1,86359590,13400000000
15599059,bandung,3868638,70,94,3,1,0,0,0,0,1,0,1,1.0,0,0,SHM,1,5155796,800000000
16485496,serang,4354748,36,60,2,1,1,0,0,0,0,1,1,1.0,0,1,HGB,0,1069827,166000000
16485559,bekasi,5281346,220,112,3,3,0,0,0,1,0,0,0,1.0,0,1,SHM,0,7733694,1200000000
16475588,bandung,3868638,550,363,7,5,0,0,0,0,0,1,0,2.0,1,0,SHM,1,40279659,6250000000
16363305,bandung,3868638,102,90,3,2,1,0,0,0,1,0,1,1.0,0,1,SHM,1,4276329,15000000000
14463760,jakarta barat,5067381,110,45,3,3,0,0,0,0,0,0,1,3.0,0,0,SHM,1,6284345,69000000000
13250860,bandung,3868638,50,60,2,1,0,0,0,0,1,0,1,1.0,0,0,SHM,1,3544610,550000000
14421192,bekasi,5281346,240,131,5,4,0,0,0,0,1,0,1,3.0,0,1,SHM,1,4462257,2000000000
15244764,tangerang,4681138,410,330,5,4,1,0,0,1,0,4,0,2.0,0,0,SHM,1,16733462,5000000000
16086460,tangerang selatan,4670791,155,75,2,2,1,0,0,0,1,0,1,1.0,1,1,Lainnya,1,6135603,65000000000
16485893,surabaya,4725479,100,87,4,4,0,0,0,0,0,0,2,2.0,0,0,SHM,1,12245016,1900000000
16485818,bandung,3868638,110,111,3,2,0,0,0,0,0,1,1,1.0,0,0,SHM,0,7089220,1100000000
16485563,bandung,3868638,60,60,2,1,1,0,0,1,1,0,1,1.0,0,0,SHM,1,3544610,550000000
16456074,depok,4878612,400,240,6,5,0,0,0,1,1,2,2,2.0,0,0,SHM,1,30934778,4800000000
16430171,sleman,2315976,68,88,2,2,1,0,0,0,0,1,0,1.0,0,0,SHM,1,2844689,765000000
15091355,depok,4878612,80,224,1,2,0,0,0,0,1,0,5,2.0,0,0,SHM,1,7251167,95000000000
16384885,bandung,3868638,455,465,5,5,0,0,0,0,1,2,2,2.0,0,1,SHM,1,966822,260000000
16485622,surabaya,4725479,470,300,4,4,1,0,0,1,1,3,0,1.0,0,1,SHM,0,25778982,4000000000
8581197,jakarta timur,5067381,119,84,3,2,0,0,0,0,0,0,0,2.0,1,1,Lainnya,1,17078575,2650000000
16323994,tangerang selatan,4670791,150,102,5,4,0,0,0,0,1,2,1,2.0,0,1,SHM,0,14500677,2250000000
12070217,jakarta utara,5067381,240,160,7,5,0,0,0,1,0,0,2,2.0,0,0,SHM,1,43824269,6800000000
14856453,bekasi,5281346,200,120,4,2,0,0,0,0,0,0,1,2.0,0,0,SHM,1,7176796,93000000000
16184472,jakarta timur,5067381,119,84,3,3,0,0,0,0,1,0,1,2.0,0,1,SHM,1,11527496,1000000000
16148675,jakarta pusat,5067381,39,20,3,3,1,0,0,0,0,0,0,2.0,1,1,SHM,1,1758873,473000000
14169689,jakarta timur,5067381,275,185,2,2,0,0,0,0,0,0,0,2.0,0,0,SHM,1,11155642,3000000000
15023427,surabaya,4725479,120,120,4,2,0,0,0,0,1,1,1,1.0,0,0,SHM,1,8055931,1250000000
15200718,tangerang selatan,4670791,400,200,5,5,0,0,0,0,1,0,2,2.0,1,1,SHM,1,31579253,4900000000
16485643,sukoharjo,2215482,120,150,3,2,1,0,0,0,1,1,1,2.0,0,1,HGB,1,17723050,2750000000
16485377,bandung,3868638,275,375,5,5,0,0,0,0,1,2,2,2.0,0,1,HGB,1,44975107,6980000000
16485724,jakarta barat,5067381,195,73,5,5,0,0,0,0,1,1,0,3.0,0,1,SHM,1,16756338,2600000000
16272975,jakarta selatan,5067381,140,84,4,4,0,0,0,0,1,0,2,2.0,0,1,SHM,1,12728372,1980000000
16486116,bandung,3868638,30,55,2,3,0,0,0,0,0,0,0,1.0,0,0,SHM,1,1450067,225000000
14607894,jakarta timur,5067381,74,75,3,3,0,0,0,0,0,0,2,2.0,1,1,Lainnya,0,12245016,1900000000
14775167,bandung,3868638,185,187,4,4,0,0,0,0,0,0,1,2.0,0,0,SHM,1,17723050,2750000000
15312166,jakarta timur,5067381,30,48,2,1,0,0,0,0,1,0,1,1.0,1,1,SHM,1,2577898,400000000
14971949,jakarta pusat,5067381,300,242,4,3,0,0,0,1,0,0,0,1.0,0,1,Lainnya,1,66933850,18000000000
16404950,tangerang,4681138,243,240,5,4,1,0,0,0,0,0,2,2.0,1,1,SHM,1,31607651,8500000000
16485705,bandung,3868638,52,66,2,2,1,0,0,0,1,1,1,3.0,1,0,SHM,1,2229881,346000000
16485527,bandung,3868638,170,133,5,4,0,0,0,0,1,0,2,2.0,0,0,SHM,1,18689762,2900000000
16485463,surabaya,4725479,155,115,4,4,1,0,0,0,1,0,2,2.0,0,1,SHM,1,11278304,1750000000
16436378,bekasi,5281346,228,153,5,5,0,0,0,0,1,0,2,2.0,0,1,SHM,1,12085278,25000000000
16299956,jakarta pusat,5067381,400,380,4,3,0,0,0,1,0,0,0,1.0,0,1,HGB,1,104119322,28000000000
14751097,bekasi,5281346,60,72,2,1,0,0,0,0,0,0,0,1.0,0,0,SHM,1,1859274,500000000
7810050,jakarta selatan,5067381,107,82,3,2,0,0,0,0,1,0,1,2.0,0,0,SHM,1,7753171,8000000000
16478720,tangerang,4681138,200,160,4,4,0,0,0,0,1,1,1,2.0,1,1,Lainnya,1,10040077,2700000000
16485885,bandung,3868638,100,56,2,2,0,0,0,0,1,0,1,2.0,0,0,SHM,1,3222372,500000000
16375690,jakarta selatan,5067381,270,128,4,5,1,0,0,1,1,2,1,3.0,0,1,SHM,1,26745694,4150000000
16276007,jakarta timur,5067381,90,76,3,3,1,0,0,0,1,0,2,2.0,1,1,SHM,1,8924513,4000000000
16485668,bandung,3868638,60,64,3,2,0,0,0,0,1,1,1,2.0,1,0,SHM,1,4395316,682000000
16485584,bandung,3868638,150,166,3,2,0,0,0,0,1,1,1,3.0,1,1,SHM,1,14178440,2200000000
16485583,surabaya,4725479,550,397,7,7,0,0,0,0,1,2,2,2.0,0,0,SHM,0,30934778,4800000000
16244613,jakarta selatan,5067381,600,570,4,3,0,0,0,0,0,0,0,1.0,0,0,Lainnya,1,92963680,25000000000
14247719,jakarta selatan,5067381,500,366,6,5,1,0,0,1,1,1,0,2.0,0,1,SHM,1,96682228,26000000000
15918057,bekasi,5281346,326,192,6,5,0,0,0,0,0,1,1,3.0,1,0,Lainnya,0,21962893,91000000000
16485658,tangerang,4681138,78,70,3,2,0,0,0,0,1,0,1,2.0,0,1,Lainnya,1,12567253,1950000000
16485508,jakarta timur,5067381,90,74,3,2,1,0,0,0,1,1,2,2.0,1,1,SHM,1,7089220,1100000000
16485530,subang,3294485,48,78,2,1,0,0,0,0,1,1,1,1.0,1,0,SHM,1,2900135,450000000
16486096,jakarta pusat,5067381,226,225,6,3,0,0,0,0,1,1,0,2.0,0,0,SHM,1,45113218,7000000000
14755912,bekasi,5281346,128,176,4,2,0,0,0,0,0,0,0,1.0,0,0,SHM,1,7411457,1150000000
16122722,bekasi,5281346,144,90,3,2,0,0,0,0,1,1,1,2.0,0,1,SHM,1,4462257,2000000000
15944131,jakarta selatan,5067381,350,332,5,3,0,0,0,0,1,1,1,2.0,0,1,SHM,1,33095070,9000000000
14826112,jakarta selatan,5067381,250,236,8,7,0,0,0,0,1,1,1,1.0,0,0,SHM,1,25778982,4000000000
16486073,jakarta selatan,5067381,521,426,6,7,1,0,0,0,1,2,2,2.0,0,1,SHM,1,151451520,23500000000
16422432,bandung,3868638,90,153,3,2,0,0,0,0,0,1,1,1.0,0,0,SHM,1,8055931,1250000000
14823279,tangerang,4681138,90,135,3,3,0,0,0,0,0,0,1,2.0,0,0,SHM,1,8552659,3000000000
16482669,bekasi,5281346,110,91,3,3,0,0,0,0,1,0,1,2.0,1,0,SHM,1,5391893,45000000000
15786321,tangerang,4681138,208,204,4,4,0,0,0,0,0,1,2,2.0,0,0,SHM,1,17477172,7000000000
16485844,bandung,3868638,119,213,4,3,1,0,0,0,0,0,2,1.0,0,0,SHM,1,19334236,3000000000
16485485,bogor,4696764,250,180,3,2,0,0,0,0,1,0,1,2.0,0,1,SHM,1,17400812,2700000000
16485369,jakarta selatan,5067381,150,154,4,3,0,0,0,0,0,0,0,1.0,0,0,SHM,0,15467389,2400000000
14869519,jakarta pusat,5067381,290,238,5,5,1,0,0,0,0,4,4,2.0,0,1,SHM,1,29748378,8000000000
14618239,tangerang,4681138,150,235,5,5,0,0,0,0,0,0,0,1.0,0,0,SHM,1,4090402,1000000000
16452809,tangerang selatan,4670791,100,120,3,2,1,0,0,0,1,0,1,1.0,0,1,SHM,1,8366731,25000000000
16485543,tangerang selatan,4670791,110,74,3,3,0,0,0,0,0,0,1,2.0,0,1,SHM,0,9667118,1500000000
16485282,bandung,3868638,500,400,6,5,0,0,0,0,1,2,2,2.0,0,0,SHM,1,80559319,12500000000
14876396,bandung,3868638,150,165,4,2,0,0,0,0,1,0,2,1.0,0,0,SHM,1,10305148,1600000000
16503503,bandung,3868638,160,80,1,2,0,0,0,0,1,0,0,2.0,0,1,SHM,1,4834111,3000000000
16485588,bandung,3868638,200,220,4,3,1,0,0,1,1,1,3,2.0,0,1,SHM,1,22556609,3500000000
15192215,jakarta timur,5067381,92,90,4,4,0,0,0,0,0,0,0,2.0,0,0,SHM,1,7399909,99000000000
16368266,tangerang selatan,4670791,216,204,5,4,1,0,0,1,0,1,2,2.0,0,1,SHM,1,20823864,6000000000
16485771,tangerang,4681138,64,72,3,1,0,0,0,0,1,2,2,1.0,0,1,SHM,0,4414650,685000000
14602660,bandung,3868638,240,200,5,5,1,0,0,0,0,1,2,2.0,0,0,HGB,0,28679117,4450000000
16486097,bekasi,5281346,150,90,3,2,0,0,0,0,0,0,0,1.0,0,0,SHM,1,9022643,1400000000
16324752,tangerang selatan,4670791,91,50,2,3,0,0,0,0,1,0,2,3.0,1,1,SHM,0,5875305,58000000000
15548742,jakarta utara,5067381,345,240,5,4,0,0,0,0,1,0,1,2.0,0,1,SHM,1,59613896,9250000000
14949261,bandung,3868638,150,128,4,4,0,0,0,0,1,1,1,2.0,0,0,SHM,1,19334236,3000000000
16327349,bogor,4696764,100,136,4,4,0,0,0,0,1,0,1,2.0,1,1,SHM,1,11600541,1800000000
16511180,bogor,4696764,48,70,2,1,0,0,0,0,1,1,1,1.0,0,0,SHM,1,2175350,585000000
16485766,bogor,4696764,100,180,2,2,0,0,0,1,1,1,1,2.0,1,1,SHM,1,7733694,1200000000
16485693,bandung,3868638,52,66,2,2,1,0,0,0,1,1,1,3.0,1,0,SHM,1,2229881,346000000
16485677,tangerang selatan,4670791,55,52,2,2,1,0,0,0,0,0,1,2.0,0,1,SHM,0,4479098,695000000
16485644,bogor,4696764,375,300,5,5,0,0,0,0,0,2,2,2.0,0,0,SHM,1,38668473,6000000000
16485577,tangerang,4681138,130,90,4,4,0,0,0,0,1,1,1,2.0,1,1,SHM,1,10633830,1650000000
14554175,bandung,3868638,185,187,4,4,0,0,0,0,1,0,1,2.0,1,0,SHM,1,17400812,2700000000
16485431,jakarta barat,5067381,180,80,5,4,0,0,0,0,1,1,1,3.0,0,0,SHM,1,14822914,2300000000
16485291,bandung,3868638,112,108,3,2,0,0,0,0,1,1,1,2.0,0,1,SHM,1,6283626,975000000
14602577,bandung,3868638,180,222,4,4,0,0,0,0,0,0,2,1.0,0,0,SHM,1,38668473,6000000000
14664110,jakarta utara,5067381,330,193,4,4,0,0,0,0,1,0,2,2.0,0,1,SHM,1,20452010,5000000000
16307945,jakarta barat,5067381,140,125,4,4,0,0,0,0,0,2,2,2.0,0,0,SHM,1,8831550,38000000000
16485528,jakarta barat,5067381,140,60,3,3,0,0,0,0,0,0,0,4.0,0,0,SHM,1,13211728,2050000000
16485524,jakarta timur,5067381,160,96,3,3,0,0,0,0,0,0,0,2.0,0,0,SHM,1,11278304,1750000000
16324143,tangerang selatan,4670791,108,149,5,3,1,0,0,0,1,0,2,2.0,1,1,SHM,1,9854150,65000000000
15090276,jakarta selatan,5067381,251,457,4,4,0,0,0,1,1,2,2,2.0,0,1,SHM,1,23054993,2000000000
16485516,bandung,3868638,150,166,2,2,0,0,0,0,1,1,1,3.0,1,1,SHM,1,14178440,2200000000
16390348,bandung,3868638,400,398,6,5,0,0,0,0,1,2,0,2.0,1,1,SHM,1,27035707,4200000000
15792792,tangerang selatan,4670791,157,227,4,2,0,0,0,0,0,0,0,1.0,0,0,SHM,1,8180804,2000000000
16269066,tangerang selatan,4670791,112,105,4,4,1,0,0,0,0,0,1,2.0,1,1,SHM,1,9854150,65000000000
12565438,jakarta selatan,5067381,425,308,6,5,0,0,0,0,1,1,2,2.0,0,0,SHM,1,35446100,5500000000
16351376,jakarta selatan,5067381,110,66,3,3,0,0,0,0,1,0,2,2.0,1,1,SHM,1,10311592,1600000000
12922706,tangerang,4681138,180,194,6,4,1,0,0,1,0,1,1,2.0,0,0,SHM,1,9203404,48000000000
16485872,surabaya,4725479,300,206,5,4,0,0,0,0,0,1,2,2.0,0,0,SHM,1,39957422,6200000000
16485828,surabaya,4725479,135,102,3,3,0,0,0,0,0,0,1,2.0,0,1,HGB,1,12245016,1900000000
16485601,bandung,3868638,52,66,2,2,1,0,0,0,1,1,1,3.0,1,0,SHM,1,2229881,346000000
16485492,bekasi,5281346,97,98,2,2,0,0,0,0,1,0,2,1.0,0,0,SHM,1,4833559,750000000
15881207,jakarta selatan,5067381,525,462,6,6,0,0,0,0,1,2,2,2.0,1,1,SHM,1,61356029,5000000000
14396577,tangerang selatan,4670791,240,231,4,4,1,0,0,0,0,0,2,2.0,0,0,SHM,1,19894228,35000000000
16485751,bandung,3868638,250,420,7,5,0,0,0,0,0,0,0,1.0,0,0,HGB,1,77336946,12000000000
16485646,bandung,3868638,70,75,3,2,0,0,0,0,1,1,1,2.0,1,1,SHM,1,5432920,843000000
14849825,bandung,3868638,140,139,4,3,0,0,0,0,1,0,1,2.0,0,1,SHM,1,9016199,1400000000
16009502,bogor,4696764,30,63,2,1,0,0,0,0,1,0,1,1.0,0,0,SHM,1,2835688,440000000
16472572,bandung,3868638,98,120,2,2,0,0,0,0,1,0,2,3.0,0,1,SHM,1,6965239,87000000000
16268048,surabaya,4725479,100,90,3,1,1,0,0,0,0,0,0,1.0,0,0,SHM,0,3997438,7000000000
16485400,bandung,3868638,192,153,3,3,0,0,0,0,1,1,1,3.0,1,0,SHM,1,19334236,3000000000
16485340,bandung,3868638,110,128,4,2,1,0,0,0,1,0,1,1.0,0,1,SHM,1,6760538,1050000000
14851201,bandung,3868638,90,114,3,2,0,0,0,0,0,0,1,1.0,0,0,SHM,1,5149351,799000000
16485585,tangerang,4681138,72,72,2,1,0,0,0,0,0,1,1,1.0,1,1,SHM,1,3737952,580000000
15535729,jakarta selatan,5067381,340,515,6,3,0,0,0,0,1,2,2,2.0,1,1,SHM,1,67669828,10500000000
16486124,jakarta timur,5067381,250,109,5,4,1,0,0,0,1,0,2,3.0,0,0,SHM,0,16756338,2600000000
11515704,jakarta pusat,5067381,100,158,5,4,0,0,0,0,1,0,1,1.0,0,0,SHM,1,10783787,9000000000
15511088,jakarta selatan,5067381,300,180,5,6,1,0,0,0,1,1,2,3.0,0,0,SHM,1,30934778,4800000000
15974310,jakarta selatan,5067381,420,235,5,5,0,0,0,0,1,2,2,2.0,1,1,SHM,1,53491388,8300000000
16485337,jakarta selatan,5067381,300,155,5,2,0,0,0,0,1,1,2,2.0,0,1,SHM,0,19334236,3000000000
16485292,jakarta utara,5067381,160,200,6,4,0,0,0,0,0,1,0,2.0,0,0,SHM,0,32223727,5000000000
14602599,bandung,3868638,211,375,5,4,0,0,0,0,0,2,2,1.0,0,0,SHM,0,36735049,5700000000
16508400,tangerang,4681138,36,72,2,1,0,0,0,0,0,0,1,1.0,0,1,SHM,1,2788910,750000000
16332104,jakarta barat,5067381,104,52,2,2,0,0,0,0,0,0,0,2.0,0,0,Lainnya,1,4276329,15000000000
16485813,tangerang,4681138,120,170,4,4,0,0,0,0,1,0,2,2.0,0,1,SHM,1,23201083,3600000000
16485728,malang,3338709,95,72,3,2,0,0,0,0,1,1,1,1.0,0,1,SHM,1,5896942,915000000
16485557,jakarta timur,5067381,200,140,4,4,0,0,0,0,1,0,2,2.0,1,1,SHM,1,23845558,3700000000
16485346,sukoharjo,2215482,120,150,3,2,1,0,0,0,1,1,1,2.0,1,1,SHM,1,17723050,2750000000
15300336,bekasi,5281346,60,78,3,2,0,0,0,0,0,0,0,1.0,0,0,SHM,1,2640169,710000000
8933092,jakarta pusat,5067381,500,376,8,7,0,0,0,0,0,2,1,2.0,0,1,SHM,1,61356029,5000000000
15022091,tangerang,4681138,80,61,3,3,0,0,0,0,1,2,2,2.0,1,1,SHM,1,4090402,1000000000
15657922,depok,4878612,155,98,5,5,1,0,0,0,1,0,3,2.0,1,1,SHM,1,5391893,45000000000
14466344,jakarta timur,5067381,59,30,2,2,1,0,0,0,1,0,1,2.0,0,1,SHM,1,5381362,835000000
16485402,jakarta timur,5067381,145,90,4,3,0,0,0,0,0,0,1,3.0,0,0,SHM,1,11600541,1800000000
16485281,tangerang,4681138,180,134,5,4,0,0,0,0,0,2,2,2.0,0,0,SHM,1,17723050,2750000000
15038404,bandung,3868638,128,104,5,4,1,0,0,0,1,0,2,2.0,0,1,SHM,1,10633830,1650000000
16072401,bandung,3868638,36,60,2,1,0,0,0,0,1,1,1,1.0,1,1,SHM,0,632153,170000000
12954082,tangerang,4681138,320,295,5,4,0,0,0,0,1,0,1,2.0,0,1,SHM,1,32223727,5000000000
16485357,jakarta barat,5067381,180,150,5,2,0,0,0,0,1,0,0,1.0,0,1,SHM,1,18045287,2800000000
16485349,jakarta utara,5067381,200,180,5,4,0,0,0,0,0,0,1,2.0,0,0,SHM,1,33512676,5200000000
15520800,tangerang selatan,4670791,154,112,5,2,0,0,0,1,1,0,1,2.0,0,0,SHM,1,11536094,1790000000
15666485,jakarta selatan,5067381,580,347,4,6,0,0,0,0,1,2,2,2.0,0,0,SHM,1,72511671,5000000000
16343963,bandung,3868638,195,557,4,2,0,0,0,0,1,6,6,2.0,0,0,SHM,0,16733462,5000000000
16294962,bandung,3868638,140,125,4,4,0,0,0,0,0,0,2,1.0,0,0,Lainnya,1,7994877,15000000000
16485657,tangerang,4681138,116,96,3,3,0,0,0,0,1,0,1,2.0,0,1,SHM,1,18045287,2800000000
15574016,jakarta timur,5067381,80,90,3,2,0,0,0,0,1,0,2,2.0,1,1,SHM,1,9022643,1400000000
15894594,jakarta selatan,5067381,120,138,5,5,0,0,0,0,1,0,1,2.0,1,1,SHM,1,16756338,2600000000
16485330,tangerang selatan,4670791,161,141,5,4,1,0,0,0,1,0,0,1.0,0,1,SHM,1,29001354,4500000000
16486071,bandung,3868638,50,54,3,2,1,0,0,0,1,0,1,2.0,0,1,SHM,1,4382426,680000000
16436023,surabaya,4725479,200,294,4,3,0,0,0,0,1,1,1,1.0,0,0,SHM,1,17477172,7000000000
16485833,bandung,3868638,50,100,2,1,0,0,0,0,0,0,1,1.0,0,0,SHM,1,4350203,675000000
15869534,jakarta selatan,5067381,250,385,4,4,0,0,0,0,0,0,4,2.0,0,0,SHM,1,35446100,5500000000
16485627,bandung,3868638,167,153,5,4,0,0,0,0,1,0,2,2.0,1,1,SHM,1,16111863,2500000000
16485399,jakarta selatan,5067381,210,352,5,3,0,0,0,0,1,1,2,2.0,0,0,SHM,1,89517515,13890000000
15915940,jakarta timur,5067381,150,92,4,4,1,0,0,0,0,0,0,2.0,0,0,SHM,1,8552659,3000000000
16252409,surabaya,4725479,250,350,2,2,0,0,0,0,0,0,0,1.0,0,0,SHM,1,9296368,5000000000
16228868,bekasi,5281346,150,140,3,2,0,0,0,0,1,0,1,2.0,1,1,SHM,1,5113002,37000000000
14772786,jakarta timur,5067381,165,112,4,5,0,0,0,0,0,0,2,2.0,1,1,Lainnya,0,27396613,4250000000
14309171,jakarta barat,5067381,300,160,6,4,0,0,0,0,0,1,0,3.0,0,1,SHM,1,48335591,7500000000
16485576,bandung,3868638,50,68,2,2,0,0,0,0,1,1,1,2.0,1,0,SHM,1,4150416,644000000
16485331,denpasar,3096823,300,210,4,3,0,0,0,0,1,1,0,2.0,0,0,SHM,1,36251693,5630000000
16109930,depok,4878612,145,108,4,4,0,0,0,0,1,0,1,2.0,1,0,SHM,1,11278304,1750000000
16504593,surabaya,4725479,80,105,3,2,1,0,0,1,1,1,1,2.0,1,1,SHM,0,4834111,3000000000
16189679,bandung,3868638,220,143,4,3,0,0,0,0,1,0,3,2.0,1,0,SHM,1,5949676,6000000000
16483548,tangerang,4681138,68,83,3,3,0,0,0,0,1,1,1,2.0,1,1,SHM,1,435070,117000000
16383976,gresik,4642031,75,103,4,3,0,0,0,0,0,0,1,2.0,0,0,HGB,1,3644176,980000000
16485905,jakarta timur,5067381,600,500,8,7,0,0,0,1,1,0,0,2.0,0,0,SHM,1,37057286,5750000000
16485888,surabaya,4725479,150,105,3,3,1,0,0,1,0,0,1,2.0,0,0,SHM,1,13533965,2100000000
16485862,jakarta barat,5067381,176,128,4,3,0,0,0,0,1,0,1,2.0,0,0,SHM,1,12245016,1900000000
16485679,surabaya,4725479,250,291,5,3,0,0,0,0,1,1,1,2.0,1,1,SHM,0,16111863,2500000000
16485411,jakarta timur,5067381,175,217,4,3,0,0,0,0,0,0,0,2.0,0,1,SHM,1,19334236,3000000000
15601333,bandung,3868638,202,198,5,4,0,0,0,0,1,0,3,2.0,1,1,HGB,1,32223727,5000000000
16486109,jakarta utara,5067381,300,252,4,4,0,0,0,0,0,1,1,2.0,0,0,HGB,1,35446100,5500000000
16486106,denpasar,3096823,210,139,3,3,1,0,0,1,0,0,1,2.0,0,0,SHM,1,13533965,2100000000
16486104,tangerang selatan,4670791,78,150,4,2,0,0,0,1,1,1,2,2.0,1,1,SHM,1,18045287,2800000000
15310731,bekasi,5281346,60,90,2,1,0,0,0,0,1,0,1,2.0,0,0,SHM,1,3309507,890000000
16401829,bandung,3868638,150,278,3,3,1,0,0,0,1,0,2,1.0,0,0,SHM,1,11527496,1000000000
16218834,tangerang selatan,4670791,120,149,5,4,1,0,0,0,1,0,2,2.0,1,1,SHM,1,10969714,95000000000
14602818,bandung,3868638,90,110,3,2,0,0,0,0,0,0,2,1.0,0,0,SHM,1,7733694,1200000000
16393159,jakarta timur,5067381,86,105,3,4,0,0,0,0,0,0,2,2.0,0,1,Lainnya,1,12567253,1950000000
16485403,jakarta barat,5067381,288,144,5,2,0,0,0,0,0,0,0,2.0,0,1,SHM,1,14822914,2300000000
16159353,jakarta barat,5067381,39,20,2,2,1,0,0,0,0,0,0,2.0,0,1,SHM,1,3125701,485000000
16486103,bandung,3868638,50,100,2,3,0,0,0,0,1,0,2,1.0,0,0,SHM,1,2739016,425000000
16495490,jakarta timur,5067381,50,54,3,2,0,0,0,0,0,2,1,2.0,0,1,SHM,1,3558650,957000000
16485901,jakarta timur,5067381,600,500,8,7,0,0,0,1,1,0,0,2.0,0,0,SHM,1,37057286,5750000000
16485117,surabaya,4725479,590,480,7,5,0,0,0,1,1,2,2,2.0,0,1,HGB,1,70247726,10900000000
16485393,jakarta timur,5067381,130,210,2,2,0,0,0,0,0,0,0,1.0,0,0,SHM,1,20623185,3200000000
16485362,bandung,3868638,192,153,3,3,0,0,0,0,1,1,1,3.0,1,0,SHM,1,19334236,3000000000
12898587,jakarta utara,5067381,512,410,5,5,0,0,0,0,1,1,2,2.0,0,0,SHM,1,74114573,11500000000
15804501,jakarta utara,5067381,73,60,3,2,0,0,0,0,0,0,2,2.0,1,1,SHM,1,7994877,15000000000
16386775,bandung,3868638,97,168,3,2,0,0,0,0,0,0,0,1.0,0,0,SHM,0,9296368,5000000000
16295876,jakarta barat,5067381,216,216,1,1,0,0,0,0,0,0,0,2.0,0,0,SHM,1,13014915,5000000000
16485876,bekasi,5281346,100,156,2,1,0,0,0,0,1,0,0,1.0,0,1,SHM,1,9344881,1450000000
16485366,depok,4878612,100,93,3,2,0,0,0,0,0,0,1,2.0,0,0,SHM,1,8023708,1250000000
16485397,tangerang selatan,4670791,90,120,4,3,0,0,0,0,0,0,0,1.0,0,0,SHM,0,5478033,850000000
16485384,jakarta timur,5067381,280,120,5,4,0,0,0,1,0,1,2,2.0,0,0,SHM,1,12889491,2000000000
16485592,jakarta barat,5067381,160,90,3,3,0,0,0,0,0,0,1,1.0,0,0,SHM,1,18045287,2800000000
16273340,jakarta selatan,5067381,100,61,3,3,1,0,0,0,1,0,1,2.0,0,0,SHM,1,8700406,1350000000
16307163,jakarta timur,5067381,180,108,4,4,0,0,0,0,1,0,1,2.0,0,1,SHM,1,6507458,75000000000
16138629,jakarta pusat,5067381,600,543,7,6,0,0,0,0,0,1,3,2.0,0,1,SHM,1,70652397,19000000000
13233163,tangerang,4681138,62,48,2,2,0,0,0,0,0,0,0,1.0,1,1,SHM,1,4276329,1150000000
16485540,bandung,3868638,60,64,3,1,0,0,0,0,1,1,1,2.0,1,0,SHM,1,4395316,682000000
16485486,jakarta barat,5067381,120,120,4,4,0,0,0,0,1,0,0,2.0,1,1,SHM,1,28034643,4350000000
16510788,tangerang,4681138,24,50,1,1,0,0,0,0,0,0,1,1.0,0,0,SHM,1,2751725,740000000
15907942,jakarta barat,5067381,113,50,3,3,0,0,0,0,0,0,0,3.0,0,0,SHM,1,5949676,6000000000
16485861,depok,4878612,72,90,3,3,0,0,0,0,1,0,2,2.0,0,0,SHM,1,7733694,1200000000
16485611,bandung,3868638,50,60,2,1,0,0,0,0,1,1,1,2.0,1,1,SHM,1,3899071,605000000
16463779,tangerang selatan,4670791,45,96,2,1,1,0,0,0,1,0,1,1.0,0,1,SHM,1,6348074,985000000
14602622,bandung,3868638,550,375,5,5,0,0,0,0,0,0,3,2.0,0,0,SHM,0,61225082,9500000000
14757399,bekasi,5281346,240,162,5,5,0,0,0,0,0,2,0,2.0,0,1,SHM,1,8180804,2000000000
16511762,tangerang,4681138,44,55,3,2,0,0,0,0,1,0,2,2.0,1,1,SHM,1,3257447,876000000
16485424,bekasi,5281346,160,90,5,4,1,0,0,0,0,0,1,2.0,0,1,SHM,1,9022643,1400000000
16149235,cimahi,3627880,180,198,4,3,0,0,0,0,0,0,1,1.0,0,1,SHM,0,8700406,1350000000
14787853,jakarta barat,5067381,220,150,5,5,0,0,0,0,1,0,2,3.0,0,1,SHM,1,18689762,2900000000
16485545,surabaya,4725479,175,102,5,4,1,0,0,0,0,0,2,1.0,0,1,SHM,1,15145152,2350000000
7069830,jakarta selatan,5067381,525,500,4,4,0,0,0,0,0,0,0,1.0,0,0,Lainnya,1,126430605,34000000000
16485744,malang,3338709,41,120,2,1,0,0,0,0,1,1,1,1.0,0,0,SHM,1,5800270,900000000
16008569,bandung,3868638,200,120,3,3,1,0,0,1,1,0,2,2.0,0,1,SHM,1,17078575,2650000000
16081002,jakarta barat,5067381,126,216,4,4,0,0,0,0,1,2,2,2.0,0,1,SHM,1,25772537,4000000000
16215942,bandung,3868638,81,61,3,2,0,0,0,0,0,0,1,2.0,0,0,SHM,1,6766982,1050000000
16222941,jakarta selatan,5067381,350,250,6,6,1,0,0,0,1,0,3,2.0,1,1,SHM,1,35446100,5500000000
16355369,surabaya,4725479,48,50,2,1,0,0,0,0,1,0,1,1.0,1,1,HGB,0,2695947,725000000
15497699,jakarta selatan,5067381,550,534,7,5,1,0,0,0,1,2,2,2.0,1,1,SHM,1,66933850,18000000000
16455271,jakarta selatan,5067381,320,105,6,4,2,0,0,0,1,2,1,3.0,0,1,SHM,1,19334236,3000000000
16485789,bandung,3868638,235,182,3,3,0,0,0,0,0,0,2,2.0,0,0,SHM,1,20945423,3250000000
14602540,bandung,3868638,1,437,4,2,0,1,0,0,0,3,3,1.0,0,0,SHM,0,56327076,8740000000
15729651,jakarta timur,5067381,154,288,6,4,0,0,0,0,1,5,0,1.0,0,1,SHM,1,12643061,4000000000
15253630,depok,4878612,85,90,3,2,0,0,0,0,0,0,1,2.0,0,0,SHM,1,5949676,6000000000
16108128,jakarta selatan,5067381,130,53,4,4,1,0,0,0,1,0,2,3.0,0,0,SHM,1,6507458,75000000000
16485800,tangerang,4681138,220,180,7,4,0,0,0,0,1,0,2,2.0,0,1,SHM,1,18045287,2800000000
14602681,bandung,3868638,170,147,4,4,0,0,0,0,0,0,1,2.0,0,0,HGB,0,22556609,3500000000
15867314,magelang,2229445,120,215,3,4,1,0,0,0,1,1,1,2.0,1,1,SHM,1,11600541,1800000000
16259217,bekasi,5281346,250,150,4,3,0,0,0,1,0,0,1,4.0,1,1,SHM,1,16756338,2600000000
16242164,bandung,3868638,140,183,4,2,0,0,0,0,1,1,1,1.0,1,1,SHM,1,6321530,7000000000
15904779,jakarta barat,5067381,132,60,4,3,0,0,0,0,0,0,0,3.0,0,0,SHM,0,7808949,1000000000
14602598,bandung,3868638,300,242,4,4,0,0,0,0,0,0,0,2.0,0,0,SHM,0,61225082,9500000000
16485370,jakarta timur,5067381,100,120,4,3,0,0,0,0,0,1,0,2.0,0,0,SHM,1,14178440,2200000000
15943625,tangerang,4681138,39,72,2,1,0,0,0,0,0,0,1,1.0,0,1,HGB,1,2751725,740000000
15303175,depok,4878612,60,84,2,1,0,0,0,0,1,0,0,1.0,0,0,SHM,1,2788910,750000000
14761553,jakarta selatan,5067381,270,165,4,3,0,0,0,0,0,1,1,2.0,0,0,SHM,1,16733462,5000000000
16482060,purwokerto,2195960,40,91,2,1,0,0,0,0,0,0,0,1.0,1,0,SHM,0,1849977,5000000
16485702,bandung,3868638,50,68,1,2,0,0,0,0,1,1,1,2.0,1,0,SHM,1,4150416,644000000
16485353,jakarta timur,5067381,300,200,5,5,0,0,0,0,1,0,2,2.0,1,1,SHM,1,48335591,7500000000
16485338,jakarta utara,5067381,300,150,5,5,0,0,0,0,1,0,0,2.0,0,1,SHM,0,32223727,5000000000
16485553,jakarta barat,5067381,180,102,4,4,0,0,0,0,0,0,1,2.0,0,1,SHM,1,19011999,2950000000
14927706,tangerang,4681138,45,72,2,1,0,0,0,0,1,0,1,1.0,0,1,SHM,0,2156757,580000000
16204419,bogor,4696764,108,293,5,4,0,0,0,0,1,0,4,2.0,0,1,SHM,1,8924513,4000000000
16259026,jakarta timur,5067381,90,120,4,4,0,0,0,0,0,0,2,2.0,0,0,Lainnya,0,12245016,1900000000
16485493,depok,4878612,120,80,4,2,0,0,0,0,1,2,1,2.0,0,1,SHM,1,6444745,1000000000
16485380,jakarta timur,5067381,91,98,4,4,0,0,0,0,0,0,0,2.0,0,0,Lainnya,1,21267660,3300000000
16497682,surakarta,2269070,45,62,2,1,1,0,0,0,0,0,1,1.0,0,0,SHM,0,1115564,300000000
16485785,cilegon,4815102,104,90,3,2,1,0,0,1,1,1,1,2.0,0,1,SHM,1,7089220,1100000000
16485653,bandung,3868638,70,75,3,2,0,0,0,0,1,1,1,2.0,1,1,SHM,1,5432920,843000000
16180173,bandung,3868638,140,108,4,3,0,0,0,0,1,0,0,2.0,0,1,SHM,1,17078575,2650000000
16485567,bandung,3868638,202,198,5,4,0,0,0,0,1,1,2,2.0,0,1,SHM,1,45113218,7000000000
16485352,jakarta timur,5067381,160,96,3,3,0,0,0,0,0,1,0,2.0,0,1,SHM,1,11278304,1750000000
16461483,bandung,3868638,268,254,4,4,0,0,0,0,1,0,1,2.0,0,0,SHM,1,15467389,2400000000
14863189,surabaya,4725479,320,153,5,5,0,0,0,0,0,0,1,3.0,1,1,Lainnya,1,17105317,6000000000
16485875,bekasi,5281346,50,66,2,1,0,0,0,0,1,1,0,1.0,0,1,SHM,1,4253532,660000000
16485680,semarang,2913128,345,247,7,4,0,0,0,0,1,1,1,2.0,0,0,SHM,1,29001354,4500000000
16485655,tangerang selatan,4670791,220,154,6,6,0,0,0,0,1,0,1,2.0,1,1,SHM,0,15467389,2400000000
10495865,jakarta barat,5067381,120,90,3,2,0,0,0,0,0,0,0,2.0,0,0,SHM,1,12567253,1950000000
16485732,bandung,3868638,160,200,2,2,1,0,0,0,1,0,2,2.0,0,0,SHM,1,25778982,4000000000
16485973,jakarta timur,5067381,137,85,4,3,0,0,0,0,1,0,2,3.0,0,0,SHM,0,14822914,2300000000
16125009,depok,4878612,120,92,4,4,0,0,0,0,1,0,2,2.0,0,0,SHM,1,12083897,1880000000
16486117,jakarta selatan,5067381,180,420,8,6,0,0,0,0,1,0,2,1.0,0,0,SHM,1,35446100,5500000000
15365225,bogor,4696764,155,197,5,4,0,0,0,0,0,0,0,2.0,0,0,SHM,1,10969714,95000000000
10389691,tangerang,4681138,300,220,4,4,1,0,0,0,0,0,0,1.0,0,1,SHM,0,27889104,5000000000
9503388,bekasi,5281346,60,60,3,5,0,0,0,0,0,1,1,2.0,1,1,SHM,0,4479098,695000000
16485317,jakarta utara,5067381,90,67,3,3,0,0,0,0,0,1,0,2.0,0,1,SHM,1,10956067,1700000000
16169477,jakarta pusat,5067381,135,90,4,4,0,0,0,0,0,0,0,2.0,0,0,SHM,1,9668223,6000000000
12514664,tangerang selatan,4670791,118,105,4,3,0,0,0,0,1,0,1,2.0,0,1,SHM,1,9854150,65000000000
15941822,badung,3318628,126,131,3,3,1,0,0,0,0,0,1,2.0,1,0,SHM,1,12643061,4000000000
16485701,bandung,3868638,180,268,5,3,1,0,0,0,0,0,2,1.0,0,0,SHM,1,22556609,3500000000
16485696,tangerang,4681138,70,60,3,2,0,0,0,0,1,0,1,2.0,0,1,SHM,0,10956067,1700000000
16485512,bekasi,5281346,170,126,4,2,0,0,0,0,0,0,2,2.0,0,0,SHM,1,12083897,1880000000
16265925,jakarta timur,5067381,228,192,5,4,0,0,0,0,1,0,2,2.0,0,0,SHM,1,23201083,3600000000
16424374,bandung,3868638,80,94,3,1,0,0,0,0,0,0,1,1.0,0,0,SHM,1,6122508,950000000
16485517,bandung,3868638,130,117,4,4,0,0,0,0,1,0,1,1.0,0,1,SHM,1,12889491,2000000000
16441582,jakarta selatan,5067381,390,517,7,6,0,0,0,0,0,2,0,2.0,0,0,SHM,0,273901685,42500000000
16111292,depok,4878612,195,136,6,5,0,0,0,0,1,0,2,2.0,0,0,SHM,1,16111863,2500000000
16433510,jakarta selatan,5067381,200,127,5,5,0,0,0,0,0,0,2,2.0,0,0,SHM,1,12271206,3000000000
16107032,jakarta timur,5067381,81,76,3,3,0,0,0,0,0,0,2,2.0,0,0,SHM,1,5202248,39000000000
14276811,surabaya,4725479,190,108,5,4,0,0,0,0,0,0,2,2.0,0,1,SHM,1,18045287,2800000000
15374147,jakarta selatan,5067381,305,385,5,4,0,0,0,1,1,2,2,2.0,0,1,SHM,1,70247726,10900000000
16485482,jakarta barat,5067381,200,90,5,3,0,0,0,0,1,1,1,2.0,0,1,SHM,1,14178440,2200000000
16477667,jakarta timur,5067381,60,30,2,2,1,0,0,0,1,1,1,2.0,1,1,SHM,1,3544610,550000000
14883504,jakarta selatan,5067381,158,124,4,3,0,0,0,0,1,0,2,2.0,1,1,SHM,1,34801625,5400000000
16341334,jakarta timur,5067381,200,120,4,4,0,0,0,0,1,0,1,2.0,0,0,SHM,1,14790691,2290000000
16264318,jakarta utara,5067381,242,262,5,1,0,0,0,0,0,0,0,1.0,0,0,HGB,1,16733462,5000000000
16190181,depok,4878612,200,169,5,5,0,0,0,0,0,0,2,2.0,0,0,SHM,1,7437094,2000000000
10414112,bekasi,5281346,36,60,2,7,0,0,0,0,1,0,1,1.0,1,1,SHM,1,1375862,370000000
16485652,jakarta timur,5067381,140,105,4,4,0,0,0,0,0,0,1,2.0,1,1,SHM,1,22556609,3500000000
16485620,badung,3318628,160,100,2,2,0,0,0,0,0,0,0,1.0,0,1,SHM,1,8378169,1300000000
14828692,depok,4878612,250,164,6,5,1,0,0,0,0,0,2,2.0,0,1,SHM,1,16756338,2600000000
16403628,jakarta barat,5067381,100,90,3,3,1,0,0,0,0,0,0,2.0,0,0,SHM,1,8924513,4000000000
15017217,tangerang,4681138,203,243,5,5,0,0,0,0,1,1,2,2.0,0,1,Lainnya,1,34801625,5400000000
8783369,jakarta selatan,5067381,250,550,5,3,0,0,0,1,0,1,4,2.0,0,0,SHM,1,45113218,7000000000
16351223,jakarta pusat,5067381,104,40,2,2,1,0,0,0,1,1,1,3.0,1,1,SHM,1,5768047,895000000
16485226,jakarta pusat,5067381,71,24,3,2,1,0,0,0,1,0,1,3.0,1,1,SHM,1,5768047,895000000
16425206,bandung,3868638,110,165,4,2,0,0,0,0,0,0,1,1.0,0,0,SHM,1,7089220,1100000000
16210651,bandung,3868638,144,120,4,3,0,0,0,0,0,1,1,1.0,0,0,HGB,1,10040077,7000000000
16485458,badung,3318628,290,243,5,6,0,0,0,0,1,2,1,2.0,0,0,SHM,1,43179795,6700000000
14925026,bandung,3868638,550,350,6,5,1,0,0,0,1,2,2,2.0,1,1,SHM,1,42535320,6600000000
16485347,bekasi,5281346,60,72,2,1,0,0,0,0,1,0,2,1.0,1,1,SHM,1,4833559,750000000
15205582,bandung,3868638,70,99,2,2,1,0,0,0,0,0,1,2.0,1,1,SHM,1,13533965,2100000000
15687116,bogor,4696764,44,74,2,4,0,0,0,0,0,0,1,1.0,0,0,SHM,0,1900178,511000000
16485376,tangerang,4681138,132,90,4,4,1,0,0,0,1,0,1,2.0,0,1,SHM,1,13533965,2100000000
16485351,bandung,3868638,120,86,3,2,0,0,0,0,1,1,1,2.0,0,1,SHM,1,6283626,975000000
15701972,jakarta utara,5067381,274,200,5,5,0,0,0,0,1,0,2,2.0,0,1,SHM,1,44468744,6900000000
15519189,jakarta timur,5067381,81,58,2,2,1,0,0,0,1,0,1,2.0,0,0,SHM,0,15620028,2420000000
16486081,bandung,3868638,100,112,3,2,0,0,0,0,0,0,0,1.0,0,0,SHM,1,7089220,1100000000
16475601,bandung,3868638,185,325,4,4,0,0,0,0,0,0,2,1.0,1,1,HGB,1,25134507,3900000000
15335046,bogor,4696764,40,60,2,1,0,0,0,0,1,1,1,1.0,1,0,SHM,1,1245713,335000000
16485713,tangerang,4681138,115,162,4,4,1,0,0,0,1,0,1,2.0,0,1,SHM,1,23201083,3600000000
15447628,bogor,4696764,120,216,3,2,0,0,0,0,0,0,1,1.0,0,1,SHM,1,9184812,47000000000
16402343,bekasi,5281346,100,144,4,2,0,0,0,0,1,1,0,1.0,0,0,SHM,1,4834111,3000000000
16264500,tangerang,4681138,50,55,4,3,0,0,0,0,0,0,0,1.0,0,0,SHM,1,2788910,750000000
16384363,jakarta utara,5067381,180,122,4,3,0,0,0,0,0,0,0,1.0,0,0,SHM,1,18220881,9000000000
16290735,magelang,2229445,102,254,3,7,0,0,0,0,1,0,2,1.0,0,1,SHM,1,8924513,4000000000
15963921,jakarta selatan,5067381,100,306,5,4,0,0,0,0,0,0,1,1.0,0,1,SHM,1,22679059,3520000000
15973489,jakarta selatan,5067381,290,300,4,3,1,0,0,0,0,0,5,2.0,0,1,SHM,1,27067931,4200000000
16485631,bekasi,5281346,40,66,2,1,0,0,0,0,1,0,1,1.0,1,0,SHM,0,3705728,575000000
16485457,tangerang selatan,4670791,194,97,3,3,0,0,0,0,0,0,0,2.0,0,1,SHM,0,19011999,2950000000
16211013,jakarta utara,5067381,250,140,4,4,0,0,0,0,1,0,0,3.0,0,0,HGB,1,29645829,4600000000
16509065,tangerang selatan,4670791,63,72,3,2,0,0,0,0,1,0,2,2.0,1,1,SHM,1,5391893,45000000000
16485832,bandung,3868638,180,268,6,3,1,0,0,0,0,0,2,1.0,0,0,SHM,1,22556609,3500000000
14609457,bekasi,5281346,72,112,4,2,0,0,0,0,1,0,1,1.0,0,0,SHM,1,4833559,750000000
15805252,tangerang selatan,4670791,140,427,5,5,0,0,0,0,1,0,1,1.0,1,0,SHM,1,12889491,2000000000
13922748,tangerang,4681138,45,84,2,1,0,0,0,0,0,0,1,1.0,0,0,SHM,1,2788910,750000000
16265356,jakarta selatan,5067381,211,360,6,5,0,0,0,0,1,2,9,2.0,1,1,SHM,1,40904019,11000000000
9553876,jakarta selatan,5067381,360,335,7,6,0,0,0,0,0,4,2,2.0,0,0,SHM,1,24170557,5000000000
16485857,surabaya,4725479,300,180,5,5,1,0,0,0,0,0,2,2.0,0,1,SHM,1,25456744,3950000000
15300440,bekasi,5281346,36,78,2,1,0,0,0,0,1,0,0,1.0,0,0,SHM,1,3681362,990000000
16333991,bandung,3868638,70,130,2,1,1,0,0,0,0,1,0,1.0,0,1,SHM,1,2602983,700000000
16485847,bandung,3868638,36,72,2,2,0,0,0,0,0,0,1,1.0,0,0,SHM,1,3222372,500000000
16485503,jakarta timur,5067381,115,98,4,5,1,0,0,0,0,0,2,1.0,0,1,Lainnya,1,20623185,3200000000
16485425,surabaya,4725479,150,429,4,3,0,0,0,0,0,0,0,1.0,0,0,SHM,0,29645829,4600000000
15959846,surabaya,4725479,333,217,5,5,0,0,0,0,1,0,0,3.0,1,1,HGB,1,31507644,4890000000
16363319,bekasi,5281346,95,60,3,2,0,0,0,0,0,0,1,2.0,0,0,SHM,1,2640169,710000000
15330058,depok,4878612,60,183,2,2,0,0,0,0,1,0,1,1.0,0,0,SHM,1,4387886,18000000000
16321430,depok,4878612,47,72,3,2,0,0,0,0,1,1,1,1.0,1,1,SHM,1,2127009,572000000
16396307,jakarta selatan,5067381,233,221,5,5,0,0,0,0,1,2,2,2.0,1,1,SHM,1,24170557,5000000000
16113483,tangerang selatan,4670791,120,90,4,3,0,0,0,0,0,0,0,2.0,0,0,SHM,1,10311592,1600000000
16471387,bandung,3868638,150,180,4,3,0,0,0,0,1,0,1,2.0,0,0,SHM,1,16756338,2600000000
15177490,jakarta selatan,5067381,400,470,6,4,0,0,0,0,1,2,2,3.0,0,1,SHM,1,121805690,18900000000
16486123,tangerang selatan,4670791,107,92,3,2,1,0,0,0,0,0,1,2.0,1,0,SHM,0,5761602,894000000
16485753,tangerang,4681138,64,72,3,1,0,0,0,0,0,2,2,2.0,0,0,SHM,0,4414650,685000000
14937488,jakarta selatan,5067381,250,565,4,4,0,0,0,0,1,3,0,2.0,0,0,SHM,1,161763113,25100000000
16485672,bandung,3868638,70,75,3,2,0,0,0,0,1,1,1,2.0,1,1,SHM,1,5432920,843000000
16485494,bogor,4696764,45,72,2,4,0,0,0,0,1,0,1,1.0,0,0,SHM,1,3190149,495000000
16485449,jakarta selatan,5067381,300,150,4,3,0,0,0,0,0,0,2,2.0,0,0,SHM,1,22556609,3500000000
16485420,tangerang selatan,4670791,52,66,4,3,0,0,0,0,1,1,1,2.0,0,1,SHM,1,2990361,464000000
16485822,bandung,3868638,200,180,4,3,0,0,0,0,0,0,0,1.0,0,0,SHM,1,10311592,1600000000
16069123,depok,4878612,80,41,3,2,0,0,0,0,1,1,1,2.0,0,0,SHM,1,5155796,800000000
16433420,jakarta utara,5067381,473,473,6,5,0,0,0,0,1,3,0,3.0,0,1,Lainnya,1,167334625,45000000000
16510786,tangerang,4681138,115,162,3,3,0,0,0,0,0,0,1,2.0,0,0,Lainnya,1,14539520,91000000000
16330175,jakarta selatan,5067381,400,515,5,4,1,0,0,0,1,1,4,1.0,0,1,SHM,1,55406354,9000000000
16485890,surabaya,4725479,205,129,4,6,0,0,0,0,0,0,2,2.0,0,0,HGB,1,25134507,3900000000
16485532,sidoarjo,4638582,36,70,3,2,0,0,0,0,1,2,1,1.0,1,1,SHM,1,161118,25000000
16486102,badung,3318628,260,330,5,4,1,0,0,0,0,1,1,2.0,0,1,SHM,1,25778982,4000000000
16485850,jakarta selatan,5067381,400,240,6,6,0,0,0,0,0,2,2,3.0,0,0,SHM,1,64447455,10000000000
16485484,malang,3338709,140,131,4,2,0,0,0,0,1,0,2,2.0,0,0,SHM,1,12889491,2000000000
16485438,bandung,3868638,50,68,2,2,0,0,0,0,1,1,1,2.0,1,0,SHM,1,4150416,644000000
16485410,jakarta selatan,5067381,293,82,3,1,0,0,0,0,0,1,0,2.0,0,0,SHM,1,9667118,1500000000
16485360,batam,4685050,200,162,4,3,0,0,0,1,0,0,0,1.0,0,0,HGB,1,19978711,3100000000
14051936,jakarta selatan,5067381,250,348,5,4,0,0,0,0,1,4,4,2.0,0,1,SHM,1,42763293,5000000000
16425289,surabaya,4725479,120,90,5,3,1,0,0,0,0,0,1,3.0,0,1,SHM,1,3699954,995000000
16485654,tangerang selatan,4670791,117,80,4,4,0,0,0,0,1,0,1,2.0,0,0,SHM,1,13533965,2100000000
14602717,bandung,3868638,80,77,3,2,0,0,0,0,0,1,0,2.0,0,0,SHM,1,8378169,1300000000
14731126,bandung,3868638,200,235,4,3,0,0,0,0,0,0,1,1.0,0,0,SHM,1,12083897,1880000000
16505735,jakarta utara,5067381,180,120,4,3,0,0,0,0,1,0,0,2.0,0,0,SHM,1,14130479,8000000000
11626612,jakarta barat,5067381,300,144,5,4,0,0,0,0,1,2,2,3.0,0,1,SHM,1,21381647,75000000000
15611022,bandung,3868638,110,98,3,2,0,0,0,0,1,0,1,2.0,0,0,SHM,1,3904475,5000000000
16202311,bekasi,5281346,210,148,5,4,0,0,0,0,0,1,1,1.0,0,1,SHM,1,6693385,8000000000
16475598,bandung,3868638,97,200,4,4,0,0,0,0,0,1,1,2.0,1,1,SHM,1,19334236,3000000000
16485628,bekasi,5281346,59,77,2,2,0,0,0,0,1,0,1,1.0,1,0,SHM,1,4975343,772000000
16485355,jakarta timur,5067381,120,67,6,6,0,0,0,0,0,0,0,2.0,1,0,SHM,1,6122508,950000000
12432078,tangerang,4681138,220,320,4,3,0,0,0,0,1,1,2,2.0,0,1,Lainnya,1,35446100,5500000000
16485435,gianyar,2928713,75,100,3,2,1,0,0,0,1,0,0,1.0,0,0,SHM,1,5123572,795000000
16485407,bekasi,5281346,60,70,2,2,0,0,0,0,0,0,0,1.0,0,0,SHM,1,4446874,690000000
16485382,jakarta timur,5067381,90,65,3,1,0,0,0,0,0,0,0,1.5,0,0,SHM,1,6444745,1000000000
14602591,bandung,3868638,500,237,6,4,0,0,0,0,0,2,2,2.0,0,0,SHM,1,56713760,8800000000
15765697,tangerang,4681138,180,90,4,2,0,0,0,0,0,0,1,2.0,0,0,SHM,1,7771764,9000000000
15501148,jakarta selatan,5067381,200,135,3,3,0,0,0,0,0,0,2,1.0,0,0,SHM,1,16733462,5000000000
16485605,tangerang,4681138,78,70,3,2,0,0,0,0,1,0,1,2.0,0,1,SHM,1,12567253,1950000000
16485581,badung,3318628,325,225,3,4,1,0,0,0,1,1,1,2.0,0,0,SHM,1,45113218,7000000000
16485548,badung,3318628,180,200,3,3,0,0,0,0,0,1,0,1.0,0,0,SHM,1,29658719,4600000000
16485430,bandung,3868638,256,404,8,3,0,0,0,0,1,6,2,1.0,1,1,SHM,1,64441010,10000000000
16485354,tangerang,4681138,84,72,3,3,0,0,0,0,1,0,1,2.0,0,1,SHM,1,10279369,1590000000
16485321,jakarta barat,5067381,240,160,3,3,0,0,0,0,0,0,0,2.0,0,1,SHM,1,27067931,4200000000
16485574,bandung,3868638,120,105,3,3,0,0,0,0,1,0,3,2.0,0,1,SHM,1,10311592,1600000000
16511080,tangerang,4681138,70,105,3,3,0,0,0,0,0,0,1,2.0,0,1,SHM,1,5577821,5000000000
15907939,jakarta barat,5067381,217,140,4,3,0,0,0,0,0,0,0,2.0,0,0,SHM,1,14130479,8000000000
15694809,jakarta timur,5067381,200,338,3,3,0,0,0,0,0,0,0,1.0,0,0,Lainnya,1,29376523,9000000000
16485575,sleman,2315976,220,110,5,5,0,0,0,0,1,0,2,1.0,0,0,SHM,1,12889491,2000000000
16006608,tangerang selatan,4670791,110,98,5,4,0,0,0,0,1,0,2,2.0,1,1,SHM,1,12792819,1990000000
16485290,jakarta utara,5067381,320,160,5,4,0,0,0,0,0,2,2,2.0,0,1,SHM,0,35446100,5500000000
9647252,jakarta utara,5067381,120,90,4,4,0,0,0,0,0,0,1,2.0,0,1,Lainnya,1,19011999,2950000000
15952776,tangerang selatan,4670791,45,81,2,1,0,0,0,1,0,0,0,1.0,0,1,Lainnya,0,3342974,899000000
15312803,jakarta barat,5067381,191,125,5,4,0,0,0,0,0,2,0,2.0,0,0,SHM,1,9110441,45000000000
14168285,depok,4878612,285,276,6,5,0,0,0,1,1,2,2,2.0,0,0,SHM,1,9947114,67000000000
15044582,denpasar,3096823,110,100,3,2,1,0,0,0,1,0,1,1.0,0,1,SHM,1,5949676,6000000000
14691579,jakarta timur,5067381,90,90,3,3,1,0,0,0,0,0,1,2.0,0,1,SHM,1,14178440,2200000000
16468239,bogor,4696764,180,218,5,3,1,0,0,0,1,1,1,2.0,1,1,SHM,1,10783787,9000000000
16485868,depok,4878612,90,72,3,3,0,0,0,0,1,0,2,2.0,0,0,SHM,1,7733694,1200000000
16485568,bandung,3868638,60,64,3,2,0,0,0,0,1,1,1,2.0,1,0,SHM,1,4395316,682000000
16486115,badung,3318628,170,166,2,2,1,0,0,0,0,1,0,2.0,0,0,SHM,1,19334236,3000000000
16184867,bogor,4696764,120,144,3,2,0,0,0,0,0,0,2,1.0,0,0,SHM,1,8180804,2000000000
14554293,jakarta utara,5067381,90,65,4,2,1,0,0,0,1,0,1,2.0,1,0,SHM,1,6656200,79000000000
16471803,bandung,3868638,110,126,3,2,0,0,0,0,1,0,2,2.0,0,0,SHM,0,14822914,2300000000
16485319,jakarta selatan,5067381,400,515,5,5,1,0,0,0,0,2,2,2.0,0,0,SHM,1,99893556,15500000000
16485339,jakarta barat,5067381,120,60,4,3,0,0,0,0,0,0,1,3.0,0,0,SHM,1,11600541,1800000000
16485531,bandung,3868638,100,120,2,7,0,0,0,0,1,0,2,1.0,0,0,SHM,1,4189084,650000000
15015374,jakarta selatan,5067381,300,400,5,3,0,0,0,0,1,0,1,1.0,0,0,SHM,1,15596284,2420000000
16014353,tangerang,4681138,100,144,4,2,0,0,0,0,1,0,2,1.0,0,1,SHM,1,5020039,35000000000
16310460,depok,4878612,100,120,3,1,0,0,0,0,1,0,1,2.0,0,0,Lainnya,1,4610999,24000000000
16485804,bandung,3868638,30,66,2,1,1,0,0,0,1,1,1,2.0,1,0,SHM,1,1591852,247000000
16485587,bekasi,5281346,140,147,4,2,0,0,0,0,1,0,3,2.0,0,1,SHM,1,7830365,1220000000
15370865,bogor,4696764,298,200,5,4,0,0,0,0,1,0,1,2.0,0,1,SHM,1,18045287,2800000000
16485586,bandung,3868638,140,149,4,4,0,0,0,0,1,0,1,2.0,0,0,SHM,1,14822914,2300000000
16485943,sukoharjo,2215482,452,226,4,3,1,0,0,0,1,0,2,1.0,1,1,SHM,1,29001354,4500000000
16450274,depok,4878612,550,370,6,4,1,0,0,0,1,2,2,2.0,1,0,SHM,1,34801625,5400000000
16475604,bandung,3868638,338,442,6,4,1,0,0,1,0,2,0,3.0,1,1,HGB,1,38668473,6000000000
15186712,depok,4878612,500,524,5,5,0,0,0,0,1,2,0,2.0,0,0,SHM,1,22311283,6000000000
16401636,jakarta selatan,5067381,500,539,7,5,0,0,0,0,1,2,4,2.0,0,1,SHM,1,65074576,5000000000
16453463,tangerang,4681138,150,170,4,2,0,0,0,0,1,0,1,2.0,0,1,SHM,1,6693385,8000000000
16485333,bekasi,5281346,325,200,4,4,1,0,0,0,0,1,2,2.0,0,1,SHM,1,19978711,3100000000
16275890,bandung,3868638,275,333,8,6,4,0,0,0,0,4,2,2.0,0,0,SHM,1,19978711,3100000000
15934428,jakarta utara,5067381,90,90,4,3,0,0,0,0,1,1,0,3.0,0,1,Lainnya,1,20300948,3150000000
16454982,tangerang,4681138,60,60,3,2,0,0,0,0,1,0,2,2.0,1,1,SHM,1,6721869,1040000000
16485459,tangerang selatan,4670791,50,143,2,1,0,0,0,0,1,2,1,1.0,1,1,SHM,1,8893748,1380000000
16485412,jakarta utara,5067381,39,20,2,2,1,0,0,0,0,0,0,2.0,0,1,SHM,1,2907869,451200000
16485364,jakarta timur,5067381,90,119,3,3,0,0,0,0,0,0,1,1.0,0,0,HGB,0,8700406,1350000000
16476925,bandung,3868638,167,153,5,5,0,0,0,0,1,0,2,2.0,1,1,SHM,1,16111863,2500000000
14602629,bandung,3868638,270,200,5,4,0,0,0,0,0,1,0,2.0,0,0,HGB,0,29645829,4600000000
16477924,tangerang selatan,4670791,60,60,3,3,0,0,0,0,1,0,2,2.0,1,1,SHM,1,6122508,950000000
16486122,jakarta barat,5067381,200,120,3,3,0,0,0,0,1,1,1,2.0,0,0,SHM,1,12889491,2000000000
16470890,jakarta pusat,5067381,42,27,2,2,0,0,0,0,0,0,0,2.0,0,0,SHM,1,1874148,504000000
16384859,depok,4878612,200,113,6,3,0,0,0,0,1,0,1,2.0,0,0,SHM,1,5949676,6000000000
16485685,tangerang selatan,4670791,70,60,3,2,0,0,0,0,0,0,0,2.0,1,0,SHM,1,9525333,1480000000
16485618,subang,3294485,48,78,2,1,0,0,0,0,1,1,1,1.0,1,0,SHM,1,2900135,450000000
16044468,jakarta timur,5067381,300,237,3,3,0,0,0,0,1,0,1,2.0,0,1,SHM,1,14130479,8000000000
16149580,jakarta pusat,5067381,72,52,3,3,0,0,0,0,0,0,1,2.0,0,1,SHM,1,6656200,1790000000
16485879,surabaya,4725479,151,88,3,3,0,0,0,0,0,0,0,2.0,0,1,SHM,1,12728372,1980000000
15069656,jakarta timur,5067381,60,104,4,4,0,0,0,0,0,0,1,2.0,0,0,SHM,1,14178440,2200000000
16485434,tangerang,4681138,90,98,3,3,0,0,0,0,1,0,1,2.0,0,1,Lainnya,0,17359987,2690000000
15080434,bandung,3868638,170,168,5,2,0,0,0,0,1,2,0,2.0,0,0,SHM,0,11600541,1800000000
16486971,tangerang,4681138,355,510,5,5,0,0,0,0,1,2,2,2.0,0,1,SHM,1,36441763,8000000000
16485777,bandung,3868638,150,166,3,2,0,0,0,0,1,1,1,3.0,1,1,SHM,1,14178440,2200000000
16271657,tangerang,4681138,200,251,5,4,0,0,0,0,1,1,2,2.0,0,1,SHM,1,29001354,4500000000
16371150,surabaya,4725479,115,105,4,4,1,0,0,0,1,0,1,2.0,0,1,SHM,1,12825043,1990000000
15951107,jakarta selatan,5067381,405,304,4,5,1,0,0,1,1,0,3,2.0,1,1,SHM,1,59291659,9200000000
16079456,gresik,4642031,69,112,2,1,0,0,0,0,1,0,2,1.0,0,1,HGB,1,4511321,700000000
15708136,jakarta selatan,5067381,550,200,7,7,0,0,0,0,1,6,2,4.0,0,1,SHM,1,53918935,5000000000
16485688,bandung,3868638,192,153,3,3,0,0,0,0,1,1,1,3.0,1,0,SHM,1,19334236,3000000000
16485510,tangerang selatan,4670791,66,78,2,1,0,0,0,0,0,0,1,1.0,0,1,SHM,1,5284691,820000000
16485328,tangerang selatan,4670791,52,60,3,2,1,0,0,0,1,1,1,2.0,0,0,SHM,1,3544610,550000000
16485361,jakarta barat,5067381,80,60,3,3,0,0,0,0,0,0,1,2.0,0,0,SHM,1,10956067,1700000000
16485718,bandung,3868638,60,64,3,2,0,0,0,0,1,1,1,2.0,1,0,SHM,1,4395316,682000000
16439655,bogor,4696764,32,82,2,1,0,0,0,0,1,0,2,1.0,1,0,SHM,1,2119572,570000000
13181399,jakarta selatan,5067381,500,391,6,4,0,0,0,0,0,1,0,2.0,0,0,SHM,0,70652397,19000000000
16167104,jakarta selatan,5067381,500,449,7,5,0,0,0,0,0,2,2,2.0,1,0,SHM,1,39044746,5000000000
15674108,jakarta timur,5067381,350,206,5,6,1,0,0,0,1,1,1,2.0,1,1,SHM,1,32185059,4990000000
16485466,jakarta barat,5067381,90,67,3,3,0,0,0,0,1,1,1,2.0,0,1,SHM,1,11278304,1750000000
16485390,badung,3318628,290,243,5,6,0,0,0,0,1,1,1,2.0,0,0,SHM,1,43179795,6700000000
16485626,badung,3318628,325,225,3,4,1,0,0,0,1,1,1,2.0,0,0,SHM,1,45113218,7000000000
16485295,jakarta utara,5067381,165,175,8,7,0,0,0,0,1,1,1,3.0,0,1,SHM,1,22556609,3500000000
16395041,depok,4878612,36,50,2,1,1,0,0,0,1,1,1,1.0,0,1,SHM,1,836673,225000000
16197577,semarang,2913128,30,60,2,1,1,0,0,0,0,0,1,1.0,1,1,SHM,1,1855555,499000000
7451722,badung,3318628,492,300,5,5,0,0,0,0,0,2,0,3.0,0,0,SHM,0,46481840,5000000000
16210044,sidoarjo,4638582,150,210,4,2,0,0,0,0,1,0,1,1.0,1,1,SHM,1,6135603,65000000000
16408040,tangerang selatan,4670791,230,300,4,3,1,0,0,1,1,1,1,1.0,1,1,SHM,1,20623185,3200000000
13063428,jakarta timur,5067381,74,75,3,3,0,0,0,0,0,0,0,2.0,0,0,Lainnya,0,11600541,1800000000
16485965,tangerang,4681138,132,90,4,3,0,0,0,0,1,0,1,2.0,0,1,SHM,1,12245016,1900000000
11814222,tangerang,4681138,410,330,5,5,0,0,0,0,1,2,2,2.0,1,1,SHM,1,28324656,4390000000
16019730,depok,4878612,90,92,3,3,1,0,0,0,1,0,2,2.0,1,1,SHM,1,6507458,75000000000
12861963,jakarta selatan,5067381,350,408,6,6,1,0,0,0,1,2,3,2.0,0,1,SHM,1,27145395,3000000000
16286540,tangerang selatan,4670791,78,78,2,1,1,0,0,0,0,1,0,1.0,0,0,SHM,0,2788910,750000000
15951580,jakarta selatan,5067381,350,404,5,4,1,0,0,1,1,2,2,2.0,0,1,SHM,1,50200387,5000000000
16485725,bandung,3868638,52,66,2,2,1,0,0,0,1,1,1,3.0,1,0,SHM,1,2229881,346000000
16485566,jakarta utara,5067381,163,90,5,4,1,0,0,1,0,1,0,3.0,0,1,SHM,1,21267660,3300000000
16485556,jakarta selatan,5067381,135,94,5,5,1,0,0,0,1,0,2,2.0,1,0,SHM,1,13701529,2130000000
16485280,jakarta utara,5067381,320,180,5,5,0,0,0,0,1,0,2,2.0,0,1,SHM,1,33512676,5200000000
16493509,sleman,2315976,36,81,2,1,1,0,0,0,0,0,1,1.0,0,1,SHM,1,1111846,299000000
15654851,jakarta barat,5067381,300,315,5,5,0,0,0,0,0,1,0,2.0,0,0,SHM,1,27889104,5000000000
16485865,surabaya,4725479,350,291,6,5,0,0,0,0,0,1,2,2.0,0,0,SHM,1,42535320,6600000000
10581769,jakarta selatan,5067381,250,350,5,5,0,0,0,0,0,2,2,1.0,0,0,SHM,0,38023998,5900000000
16485506,tangerang selatan,4670791,90,112,3,2,0,0,0,0,1,0,1,2.0,0,1,SHM,0,9022643,1400000000
14602600,bandung,3868638,267,210,6,4,0,0,0,0,0,1,1,1.0,0,0,SHM,0,20623185,3200000000
16080194,surabaya,4725479,170,180,4,3,0,0,0,0,1,0,2,2.0,0,1,SHM,1,19334236,3000000000
15214037,bekasi,5281346,104,56,4,4,0,0,0,0,1,0,0,3.0,0,0,SHM,1,3383878,910000000
16485792,subang,3294485,48,78,2,1,0,0,0,0,1,1,1,1.0,1,0,SHM,1,2900135,450000000
16485391,jakarta barat,5067381,300,105,4,3,0,0,0,0,1,1,1,2.0,0,1,SHM,1,29001354,4500000000
16485296,bandung,3868638,52,66,2,2,1,0,0,0,1,1,1,3.0,1,0,SHM,1,2229881,346000000
16469715,jakarta utara,5067381,203,216,4,4,0,0,0,0,0,0,2,2.0,0,1,Lainnya,1,40601896,6300000000
14602696,bandung,3868638,210,162,5,4,0,0,0,0,0,0,3,2.0,0,0,SHM,1,23523321,3650000000
16485712,bandung,3868638,50,68,2,2,0,0,0,0,1,1,1,2.0,1,0,SHM,1,4150416,644000000
16237590,jakarta selatan,5067381,140,83,3,3,1,0,0,0,1,0,2,2.0,1,1,SHM,1,10311592,1600000000
16008531,jakarta timur,5067381,170,117,4,4,0,0,0,0,1,1,0,2.0,1,1,SHM,1,10411932,8000000000
16433994,bekasi,5281346,84,84,3,2,0,0,0,0,0,0,2,2.0,0,0,HGB,1,6507458,75000000000
16497395,jakarta barat,5067381,600,250,6,4,0,0,0,1,0,3,1,3.0,0,1,SHM,0,37929182,2000000000
14367811,depok,4878612,80,71,3,2,1,0,0,0,1,1,1,2.0,1,1,SHM,0,3290914,885000000
16485892,karanganyar,2288366,110,120,3,2,0,0,0,0,1,0,1,1.0,0,0,SHM,1,6315850,980000000
16485558,tangerang,4681138,100,72,3,3,0,0,0,0,0,1,1,2.0,0,0,SHM,1,12567253,1950000000
16485526,jakarta barat,5067381,140,60,3,3,0,0,0,0,0,0,0,4.0,0,0,SHM,1,13211728,2050000000
16127801,jakarta selatan,5067381,335,315,5,4,0,0,0,0,1,0,0,2.0,1,1,SHM,1,35446100,5500000000
16468005,surabaya,4725479,200,200,5,4,0,0,0,0,0,0,0,2.0,0,0,HGB,1,17663099,75000000000
16225527,tangerang selatan,4670791,161,144,5,4,0,0,0,0,1,0,1,2.0,0,1,HGB,1,13014915,5000000000
16259250,bekasi,5281346,300,474,5,4,2,0,0,1,0,1,0,2.0,0,0,HGB,0,30934778,4800000000
16485684,tangerang,4681138,116,96,3,3,0,0,0,0,1,0,1,2.0,0,1,SHM,1,18045287,2800000000
16302016,surabaya,4725479,150,90,6,2,0,0,0,0,0,0,0,2.0,0,0,SHM,1,4462257,2000000000
16485717,jakarta utara,5067381,270,72,4,4,0,0,0,0,0,0,0,3.0,0,0,SHM,1,17400812,2700000000
13968915,jakarta selatan,5067381,120,265,4,3,0,0,0,0,0,1,1,2.0,0,1,SHM,1,38346236,5950000000
16485452,bandung,3868638,60,64,3,2,0,0,0,0,1,1,1,2.0,1,0,SHM,1,4395316,682000000
16485915,bekasi,5281346,150,100,3,2,1,0,0,0,0,0,1,2.0,0,1,Lainnya,1,3673504,570000000
16486089,bandung,3868638,54,60,3,2,1,0,0,0,1,0,1,2.0,0,1,SHM,1,5478033,850000000
16419333,tangerang,4681138,126,72,3,2,0,0,0,1,0,0,0,2.0,0,0,SHM,1,5020039,35000000000
15365074,tangerang selatan,4670791,60,54,3,2,0,0,0,0,1,0,0,2.0,0,0,SHM,1,4127587,11000000000
16276157,bekasi,5281346,300,320,6,6,1,0,0,0,1,1,2,2.0,0,1,SHM,1,10411932,8000000000
14909244,tangerang selatan,4670791,255,300,4,2,0,0,0,0,1,0,0,1.0,0,0,SHM,0,20080155,4000000000
16163229,jakarta barat,5067381,47,24,2,2,1,0,0,0,0,0,0,2.0,0,1,SHM,1,3830788,594400000
16271558,tangerang,4681138,398,398,8,7,0,0,0,1,1,2,2,2.0,0,1,Lainnya,1,51557964,8000000000
16485546,jakarta utara,5067381,400,210,5,4,0,0,0,0,0,0,0,4.0,0,1,SHM,1,83137217,12900000000
16485375,jakarta timur,5067381,104,104,3,4,0,0,0,0,0,0,0,2.0,0,0,SHM,1,9344881,1450000000
16000331,surabaya,4725479,400,200,6,5,0,0,0,0,1,3,3,2.0,0,1,Lainnya,1,44984323,6980000000
16238847,jakarta barat,5067381,108,72,3,3,0,0,0,0,0,0,1,2.0,0,0,SHM,1,6879312,85000000000
16092972,jakarta selatan,5067381,250,172,5,4,0,0,0,1,1,1,2,2.0,0,1,SHM,1,25100194,75000000000
16485742,bandung,3868638,45,72,2,1,0,0,0,0,1,1,1,1.0,1,0,SHM,1,151451,23500000
15414247,depok,4878612,80,51,3,2,0,0,0,0,1,1,1,2.0,1,0,SHM,0,5155796,800000000
8219667,bandung,3868638,350,250,5,5,0,0,0,0,0,1,2,2.0,0,0,SHM,0,15989753,4300000000
16485594,subang,3294485,48,78,2,1,0,0,0,0,1,1,1,1.0,1,0,SHM,1,2900135,450000000
12747545,jakarta timur,5067381,38,30,2,2,0,0,0,0,1,1,1,2.0,1,1,SHM,0,3222372,500000000
15485722,jakarta timur,5067381,199,200,5,5,0,0,0,1,0,0,3,2.0,0,1,SHM,1,20623185,3200000000
14665105,jakarta pusat,5067381,540,369,8,6,0,0,0,0,1,4,4,2.0,0,1,SHM,0,63802980,9900000000
16486072,badung,3318628,203,204,4,4,0,0,0,0,1,1,1,2.0,1,1,SHM,1,48335591,7500000000
16475602,bandung,3868638,270,120,3,3,0,0,0,1,0,0,0,3.0,1,0,SHM,1,19978711,3100000000
16427710,bandung,3868638,95,113,2,2,0,0,0,0,0,1,0,1.0,0,0,SHM,1,3625584,975000000
16485912,surabaya,4725479,420,450,5,6,1,0,0,0,0,2,2,2.0,0,1,SHM,1,161118638,25000000000
16173686,jakarta timur,5067381,250,315,3,2,0,0,0,0,0,0,0,2.0,0,0,SHM,1,25134507,3900000000
14602626,bandung,3868638,412,407,5,5,0,0,0,0,0,2,4,2.0,0,1,SHM,1,50269015,7800000000
16485479,surabaya,4725479,102,102,4,5,0,0,0,0,0,0,0,2.0,0,0,SHM,0,9022643,1400000000
16485405,tangerang,4681138,300,300,6,3,0,0,0,1,1,4,0,2.0,0,1,SHM,1,22556609,3500000000
12920256,jakarta utara,5067381,600,535,4,3,0,0,0,0,0,0,1,1.0,0,1,Lainnya,1,72511671,5000000000
15990708,bandung,3868638,76,77,2,2,0,0,0,0,0,0,0,2.0,1,0,SHM,0,5559228,5000000000
15568743,depok,4878612,80,99,3,2,0,0,0,0,0,0,1,1.0,0,0,SHM,1,3086394,830000000
15999772,jakarta timur,5067381,67,48,3,3,1,0,0,0,0,1,0,1.0,1,1,SHM,1,5492294,48000000000
16485648,bandung,3868638,42,42,2,1,0,0,0,0,0,0,0,1.0,0,0,SHM,1,1933423,300000000
16485315,badung,3318628,385,270,4,4,1,0,0,0,0,2,2,2.0,1,1,SHM,1,58002709,9000000000
16485806,bandung,3868638,88,72,2,1,1,0,0,0,0,0,0,1.0,0,0,SHM,1,3705728,575000000
16485723,bandung,3868638,300,318,5,4,1,0,0,0,0,0,6,2.0,0,1,SHM,1,37057286,5750000000
16163987,jakarta timur,5067381,90,58,3,3,1,0,0,0,0,0,1,2.0,0,1,SHM,1,15145152,2350000000
16146981,surabaya,4725479,135,66,3,2,0,0,0,0,1,0,1,1.0,1,0,SHM,1,6135603,65000000000
16227092,bandung,3868638,50,72,2,1,0,0,0,0,1,1,1,1.0,0,0,SHM,1,1059786,285000000
15204275,bekasi,5281346,180,227,4,4,0,0,0,0,1,1,1,2.0,1,1,SHM,1,14500677,2250000000
16485421,malang,3338709,350,250,4,3,0,0,0,0,1,2,2,2.0,1,1,SHM,1,17723050,2750000000
15991985,bogor,4696764,300,196,5,3,0,0,0,0,1,2,0,2.0,0,0,SHM,1,11899351,2000000000
15442769,jakarta barat,5067381,180,183,4,2,0,0,0,0,0,2,0,2.0,0,0,SHM,1,9296368,5000000000
11307021,jakarta utara,5067381,80,65,4,2,1,0,0,0,1,0,1,2.0,1,0,SHM,1,7028054,89000000000
14856069,jakarta barat,5067381,100,172,2,1,0,0,0,0,0,0,1,1.0,0,0,SHM,1,14874189,4000000000
16216834,tangerang selatan,4670791,90,60,3,2,0,0,0,0,1,1,1,2.0,0,0,SHM,1,5205966,4000000000
15058074,jakarta barat,5067381,72,28,1,2,0,0,0,0,0,0,1,3.0,0,0,SHM,1,5478033,850000000
15107022,bandung,3868638,216,144,3,3,0,0,0,0,1,0,2,2.0,0,0,SHM,0,15544726,2410000000
16465171,jakarta utara,5067381,85,102,3,2,0,0,0,0,0,0,1,1.0,0,0,SHM,1,11600541,1800000000
13698220,jakarta selatan,5067381,250,383,4,3,0,0,0,1,0,0,0,1.0,0,1,HGB,1,72511671,5000000000
16302731,surabaya,4725479,110,67,4,3,0,0,0,0,0,0,1,2.0,0,0,SHM,1,5949676,6000000000
14260579,jakarta barat,5067381,58,44,3,2,0,0,0,0,1,1,0,2.0,1,1,SHM,1,2740569,737000000
15961756,badung,3318628,400,478,5,5,0,0,0,0,0,2,1,2.0,1,1,SHM,0,58753046,15800000000
16434174,jakarta timur,5067381,54,67,2,1,1,0,0,0,1,1,1,1.0,1,1,SHM,1,4833559,750000000
16440959,sidoarjo,4638582,39,78,2,2,0,0,0,0,1,0,1,1.0,1,1,SHM,1,2097261,564000000
16509102,tangerang,4681138,218,238,4,3,0,0,0,0,0,2,2,1.0,0,0,SHM,1,20823864,6000000000
15900983,jakarta selatan,5067381,417,417,4,3,0,0,0,1,0,0,0,1.0,0,1,Lainnya,1,109697143,5000000000
16485555,tangerang,4681138,140,102,4,4,0,0,0,0,1,0,1,2.0,0,1,Lainnya,1,23201083,3600000000
16485519,jakarta timur,5067381,90,65,3,1,0,0,0,0,0,0,0,1.5,0,0,SHM,1,6444745,1000000000
16485387,malang,3338709,84,87,3,2,1,0,0,1,1,0,1,2.0,0,1,SHM,1,6283626,975000000
16116080,bekasi,5281346,66,126,3,2,0,0,0,0,1,0,1,1.0,0,1,SHM,1,8371724,1300000000
15922919,jakarta timur,5067381,130,65,3,2,1,0,0,0,1,1,1,2.0,1,1,SHM,1,5478033,850000000
7423265,jakarta barat,5067381,429,350,5,5,0,0,0,0,1,2,2,2.0,0,1,SHM,1,48329146,7500000000
16485970,sleman,2315976,50,72,2,1,1,0,0,0,1,0,1,1.0,0,0,SHM,1,3383491,525000000
16486126,karawang,5257834,36,30,2,2,0,0,0,0,1,0,1,2.0,0,1,HGB,1,3544610,550000000
14757025,bekasi,5281346,131,119,4,4,0,0,0,0,0,1,1,2.0,1,0,SHM,1,8180804,2000000000
16485474,jakarta barat,5067381,243,324,5,4,0,0,0,0,0,0,0,2.0,0,0,SHM,1,48335591,7500000000
14875118,bandung,3868638,140,175,4,2,0,0,0,0,1,0,1,1.0,0,0,SHM,1,6438300,999000000
16485593,bandung,3868638,203,148,5,4,0,0,0,0,1,0,2,2.0,0,1,SHM,1,22234372,3450000000
14602721,bandung barat,3508677,50,115,2,1,0,0,0,0,0,0,1,1.0,0,0,SHM,0,7089220,1100000000
15446779,tangerang selatan,4670791,54,105,2,1,0,0,0,0,1,0,1,1.0,0,0,SHM,1,4908482,32000000000
16040431,jakarta selatan,5067381,54,27,3,2,0,0,0,0,1,0,0,2.0,0,0,SHM,1,1245713,335000000
15475457,tangerang selatan,4670791,126,135,4,4,1,0,0,1,0,0,2,2.0,0,1,SHM,1,11899351,2000000000
16485754,bandung,3868638,30,66,2,1,1,0,0,0,1,1,1,2.0,1,0,SHM,1,1591852,247000000
14602680,bandung,3868638,300,242,4,4,0,0,0,0,0,0,0,2.0,0,0,SHM,0,61225082,9500000000
16485415,sidoarjo,4638582,400,100,3,2,0,0,0,0,1,2,1,2.0,1,1,SHM,1,2577898,400000000
16485386,jakarta timur,5067381,65,90,3,1,1,0,0,1,0,0,0,2.0,0,0,SHM,0,6444745,1000000000
16197029,bandung,3868638,150,95,2,1,0,0,0,0,1,0,1,2.0,0,0,SHM,0,8861525,1380000000
16125254,jakarta selatan,5067381,148,103,4,3,0,0,0,0,0,0,2,2.0,1,0,SHM,1,10411932,8000000000
16415966,bandung,3868638,90,244,3,2,0,0,0,0,0,0,1,1.0,0,0,SHM,1,9854150,65000000000
15842327,jakarta barat,5067381,90,90,2,2,0,0,0,0,1,1,1,2.0,0,1,SHM,1,5949676,6000000000
16485599,malang,3338709,450,360,5,5,0,0,0,0,1,0,0,1.0,0,0,HGB,1,51557964,8000000000
7910418,jakarta timur,5067381,300,322,6,4,0,0,0,0,0,0,0,1.0,0,1,SHM,1,22556609,3500000000
16485335,bandung,3868638,52,66,2,2,1,0,0,0,1,1,1,3.0,1,0,SHM,1,2229881,346000000
16486108,jakarta pusat,5067381,450,276,4,5,0,0,0,0,1,2,3,1.0,0,0,SHM,1,100400775,27000000000
16093171,bandung,3868638,50,90,2,1,0,0,0,0,1,0,1,1.0,1,1,SHM,1,5949672,6000000000
16485320,bandung,3868638,98,120,2,2,0,0,0,0,1,1,2,3.0,1,1,SHM,1,12091035,1880000000
13368587,jakarta selatan,5067381,300,375,7,3,0,0,0,1,1,0,2,1.0,0,0,SHM,1,29004668,8000000000
16392123,depok,4878612,50,70,2,1,1,0,0,0,1,1,1,2.0,1,1,SHM,1,2528612,680000000
16486085,semarang,2913128,70,120,3,2,0,0,0,0,1,0,2,1.0,0,0,SHM,1,3802399,590000000
16486090,jakarta selatan,5067381,400,271,5,5,0,0,0,0,1,1,2,2.0,0,0,SHM,1,96671183,15000000000
16502026,tangerang,4681138,150,120,4,4,1,0,0,0,0,0,2,2.0,0,1,SHM,1,6693385,8000000000
16131978,bekasi,5281346,63,106,3,2,1,0,0,0,0,0,1,1.0,0,1,SHM,0,2063794,555000000
16485334,tangerang,4681138,100,120,3,2,0,0,0,0,0,0,0,1.0,0,0,SHM,1,9667118,1500000000
15853907,bogor,4696764,84,98,3,2,0,0,0,0,1,0,2,2.0,1,0,SHM,1,9022643,1400000000
15791272,tangerang selatan,4670791,160,168,7,3,1,0,0,0,1,1,2,2.0,1,1,SHM,1,10633830,1650000000
16485895,surabaya,4725479,100,87,4,4,0,0,0,0,0,0,2,2.0,0,0,SHM,1,12245016,1900000000
16167900,jakarta pusat,5067381,94,53,3,3,1,0,0,0,0,0,1,2.0,0,1,SHM,1,14694019,2280000000
16485462,makassar,3643321,82,132,4,4,0,0,0,0,0,0,0,1.0,0,0,SHM,1,9667118,1500000000
16464456,bandung,3868638,344,347,5,4,0,0,0,0,0,0,0,2.0,0,0,SHM,1,32223727,5000000000
14602597,bandung,3868638,350,308,5,4,0,0,0,1,0,1,1,2.0,0,0,SHM,1,62836269,9750000000
14602658,bandung,3868638,365,240,6,7,0,0,0,1,0,2,2,2.0,0,0,SHM,0,32223727,5000000000
16485737,bandung,3868638,300,319,5,4,0,0,0,0,0,0,2,2.0,0,0,HGB,0,31579253,4900000000
14981060,jakarta selatan,5067381,150,243,4,3,0,0,0,0,0,0,0,1.0,0,0,SHM,1,43824269,6800000000
16485329,jakarta selatan,5067381,120,58,3,3,1,0,0,0,1,0,1,2.0,1,1,SHM,1,9989355,1550000000
16485698,jakarta utara,5067381,192,120,4,4,0,0,0,0,1,0,1,2.0,0,1,SHM,1,32223727,5000000000
16390344,bandung,3868638,260,353,5,2,0,0,0,0,1,2,2,1.0,1,1,SHM,1,12567253,1950000000
16493320,ponorogo,2235311,45,72,2,1,0,0,0,0,1,0,1,1.0,0,0,SHM,1,1301492,350000000
16485898,surabaya,4725479,115,116,4,4,0,0,0,0,0,0,2,2.0,0,0,SHM,1,15467389,2400000000
16482661,jakarta selatan,5067381,250,380,7,4,0,0,0,0,1,2,2,2.0,0,0,SHM,1,45113218,7000000000
14802976,bandung,3868638,150,234,3,2,0,0,0,0,0,1,3,1.0,0,1,SHM,1,16756338,2600000000
15680259,bekasi,5281346,130,84,3,3,0,0,0,0,1,0,2,3.0,0,1,SHM,1,8217050,1270000000
16485837,surabaya,4725479,400,240,4,3,0,0,0,0,0,0,0,2.0,0,0,HGB,1,44468744,6900000000
16485836,bandung,3868638,60,64,3,2,0,0,0,0,1,1,1,2.0,1,0,SHM,1,4395316,682000000
16485819,bandung,3868638,52,66,2,2,1,0,0,0,1,1,1,3.0,1,0,SHM,1,2229881,346000000
16485497,badung,3318628,418,300,3,3,1,0,0,0,1,1,1,2.0,0,1,SHM,1,35446100,5500000000
16480484,jakarta barat,5067381,500,300,6,5,0,0,0,1,1,2,2,3.0,1,1,SHM,1,61225082,9500000000
16492753,batu,3155367,150,218,2,2,0,0,0,0,0,0,0,1.0,0,0,SHM,1,4090402,1000000000
14806975,jakarta timur,5067381,140,105,5,4,0,0,0,0,0,0,2,2.0,1,1,SHM,0,20623185,3200000000
16319263,jakarta selatan,5067381,300,292,5,4,0,0,0,0,1,1,2,2.0,0,1,SHM,1,35446100,5500000000
15885892,tangerang,4681138,60,112,3,2,1,0,0,0,1,2,2,1.0,1,1,SHM,1,5284691,820000000
15959604,surabaya,4725479,405,198,4,3,0,0,0,0,1,0,0,3.0,1,1,HGB,1,38668473,6000000000
16468654,depok,4878612,46,40,2,2,0,0,0,0,1,0,1,2.0,1,1,SHM,0,2996806,465000000
16324371,bandung,3868638,200,124,4,3,0,0,0,0,0,0,1,3.0,0,0,SHM,1,6507458,75000000000
16485324,jakarta utara,5067381,120,120,4,3,0,0,0,0,0,0,0,1.0,0,1,SHM,1,13533965,2100000000
16374993,bogor,4696764,120,221,3,3,0,0,0,0,1,1,1,1.0,1,1,SHM,1,7089220,1100000000
16047542,jakarta barat,5067381,150,120,3,2,0,0,0,0,1,0,2,2.0,0,1,SHM,0,11155642,3000000000
16511082,tangerang,4681138,101,102,4,2,0,0,0,0,0,0,1,2.0,0,1,SHM,1,7957691,14000000000
15278806,badung,3318628,182,120,3,3,0,0,0,0,0,1,0,1.0,0,1,Lainnya,1,23798702,4000000000
16233763,bandung,3868638,460,360,7,5,0,0,0,0,0,0,0,2.0,0,1,SHM,1,37185472,10000000000
16485740,tangerang,4681138,160,144,4,4,0,0,0,0,0,0,2,2.0,0,1,Lainnya,1,20945423,3250000000
14602539,bandung,3868638,350,308,5,4,0,0,0,1,0,2,1,2.0,0,0,SHM,1,62836269,9750000000
15585767,jakarta timur,5067381,63,85,5,3,0,0,0,0,0,0,0,3.0,1,1,Lainnya,0,11574763,1800000000
16485476,badung,3318628,300,206,3,4,1,0,0,0,0,1,0,1.0,0,0,SHM,1,51557964,8000000000
16344396,bekasi,5281346,90,60,2,2,0,0,0,0,0,0,0,2.0,0,0,SHM,0,4833559,750000000
16485451,jakarta barat,5067381,216,343,5,3,0,0,0,0,1,1,1,2.0,0,1,SHM,1,35446100,5500000000
16485389,jakarta timur,5067381,500,387,7,6,0,0,0,0,1,2,3,2.0,1,1,SHM,1,67669828,10500000000
15835024,jakarta selatan,5067381,168,111,5,4,0,0,0,0,0,0,1,2.0,0,0,SHM,1,16111863,2500000000
16079915,surabaya,4725479,100,135,3,2,0,0,0,0,1,0,1,2.0,0,1,SHM,1,19334236,3000000000
16477325,jakarta selatan,5067381,131,78,3,3,1,0,0,0,1,0,2,3.0,0,0,SHM,1,6964839,87000000000
16237673,tangerang,4681138,158,88,5,4,0,0,0,0,1,2,0,3.0,0,0,Lainnya,1,10783787,9000000000
14602565,bandung,3868638,80,119,3,2,0,0,0,0,0,0,1,1.0,0,0,SHM,0,8313721,1290000000
14145694,jakarta utara,5067381,500,270,7,7,0,0,0,0,0,0,4,3.0,0,0,SHM,1,80559319,12500000000
16476612,jakarta barat,5067381,100,84,3,2,1,1,0,0,0,0,0,2.0,0,1,SHM,1,15467324,2400000000
16485475,bandung,3868638,150,166,3,2,0,0,0,0,1,1,1,3.0,1,1,SHM,1,14178440,2200000000
16485413,jakarta barat,5067381,117,39,4,4,0,0,0,0,1,0,1,3.0,0,0,SHM,1,7733694,1200000000
16485379,depok,4878612,120,90,3,2,0,0,0,0,0,2,2,2.0,0,1,SHM,1,9022643,1400000000
16486078,bandung,3868638,120,91,3,2,0,0,0,0,1,0,1,2.0,0,1,SHM,1,6025837,935000000
16284579,depok,4878612,140,120,5,5,0,0,0,0,1,0,1,2.0,0,0,SHM,1,18367524,2850000000
16127904,bandung,3868638,36,60,2,1,0,0,0,0,1,1,1,1.0,1,1,SHM,0,632153,170000000
15527053,jakarta timur,5067381,120,90,4,3,0,0,0,0,0,0,0,2.0,1,0,SHM,1,7808949,1000000000
16436474,jakarta pusat,5067381,190,156,2,2,0,0,0,0,1,0,0,1.0,0,1,SHM,1,25657976,9000000000
